number	aSeq	aType	ai	aj	bSeq	bType	bi	bj	aPeak	bPeak
1	PR8_HA	WyNA_Udsub	75	150	PR8_M	WyNA_Udsub	75	125	107	105
2	PR8_HA	WyNA_Udsub	75	150	PR8_M	WyNA_Udsub	125	175	104	154
3	PR8_HA	WyNA_Udsub	150	225	PR8_M	WyNA_Udsub	50	150	189	106
4	PR8_HA	WyNA_Udsub	50	150	PR8_M	WyNA_Udsub	375	450	100	419
5	PR8_HA	WyNA_Udsub	175	250	PR8_M	WyNA_Udsub	375	450	198	418
6	PR8_HA	WyNA_Udsub	150	200	PR8_M	WyNA_Udsub	575	650	183	614
7	PR8_HA	WyNA_Udsub	150	200	PR8_M	WyNA_Udsub	900	975	180	926
8	PR8_HA	WyNA_Udsub	350	400	PR8_M	WyNA_Udsub	50	125	383	90
9	PR8_HA	WyNA_Udsub	500	575	PR8_M	WyNA_Udsub	50	100	536	79
10	PR8_HA	WyNA_Udsub	325	400	PR8_M	WyNA_Udsub	350	450	371	379
11	PR8_HA	WyNA_Udsub	425	500	PR8_M	WyNA_Udsub	375	450	454	417
12	PR8_HA	WyNA_Udsub	350	400	PR8_M	WyNA_Udsub	475	550	375	508
13	PR8_HA	WyNA_Udsub	425	500	PR8_M	WyNA_Udsub	575	675	455	628
14	PR8_HA	WyNA_Udsub	650	725	PR8_M	WyNA_Udsub	50	125	682	102
15	PR8_HA	WyNA_Udsub	825	875	PR8_M	WyNA_Udsub	350	425	850	385
16	PR8_HA	WyNA_Udsub	725	775	PR8_M	WyNA_Udsub	450	550	755	504
17	PR8_HA	WyNA_Udsub	775	825	PR8_M	WyNA_Udsub	775	850	806	808
18	PR8_HA	WyNA_Udsub	950	1025	PR8_M	WyNA_Udsub	375	450	988	416
19	PR8_HA	WyNA_Udsub	1075	1150	PR8_M	WyNA_Udsub	50	125	1114	82
20	PR8_HA	WyNA_Udsub	1300	1375	PR8_M	WyNA_Udsub	250	300	1338	271
21	PR8_HA	WyNA_Udsub	1100	1150	PR8_M	WyNA_Udsub	500	575	1127	534
22	PR8_HA	WyNA_Udsub	1050	1100	PR8_M	WyNA_Udsub	575	625	1086	591
23	PR8_HA	WyNA_Udsub	1150	1200	PR8_M	WyNA_Udsub	825	875	1176	847
24	PR8_HA	WyNA_Udsub	1600	1700	PR8_M	WyNA_Udsub	50	150	1671	96
25	PR8_HA	WyNA_Udsub	1525	1600	PR8_M	WyNA_Udsub	150	225	1564	180
26	PR8_HA	WyNA_Udsub	1650	1750	PR8_M	WyNA_Udsub	350	450	1713	387
27	PR8_HA	WyNA_Udsub	225	275	Wy_NA	WyNA_Udsub	75	125	258	102
28	PR8_HA	WyNA_Udsub	125	200	Wy_NA	WyNA_Udsub	175	250	169	211
29	PR8_HA	WyNA_Udsub	50	125	Wy_NA	WyNA_Udsub	350	425	80	382
30	PR8_HA	WyNA_Udsub	150	225	Wy_NA	WyNA_Udsub	325	400	205	353
31	PR8_HA	WyNA_Udsub	250	300	Wy_NA	WyNA_Udsub	325	400	283	366
32	PR8_HA	WyNA_Udsub	75	150	Wy_NA	WyNA_Udsub	525	600	109	565
33	PR8_HA	WyNA_Udsub	300	350	Wy_NA	WyNA_Udsub	475	550	336	514
34	PR8_HA	WyNA_Udsub	50	125	Wy_NA	WyNA_Udsub	850	950	87	888
35	PR8_HA	WyNA_Udsub	175	275	Wy_NA	WyNA_Udsub	1050	1150	248	1118
36	PR8_HA	WyNA_Udsub	50	150	Wy_NA	WyNA_Udsub	1325	1425	105	1371
37	PR8_HA	WyNA_Udsub	150	250	Wy_NA	WyNA_Udsub	1325	1425	195	1368
38	PR8_HA	WyNA_Udsub	350	400	Wy_NA	WyNA_Udsub	100	175	381	153
39	PR8_HA	WyNA_Udsub	500	575	Wy_NA	WyNA_Udsub	100	200	530	152
40	PR8_HA	WyNA_Udsub	625	675	Wy_NA	WyNA_Udsub	75	150	651	106
41	PR8_HA	WyNA_Udsub	625	700	Wy_NA	WyNA_Udsub	175	225	677	204
42	PR8_HA	WyNA_Udsub	575	625	Wy_NA	WyNA_Udsub	425	500	607	463
43	PR8_HA	WyNA_Udsub	425	500	Wy_NA	WyNA_Udsub	500	550	460	528
44	PR8_HA	WyNA_Udsub	425	500	Wy_NA	WyNA_Udsub	550	625	471	596
45	PR8_HA	WyNA_Udsub	600	650	Wy_NA	WyNA_Udsub	575	625	625	604
46	PR8_HA	WyNA_Udsub	325	400	Wy_NA	WyNA_Udsub	825	900	370	856
47	PR8_HA	WyNA_Udsub	350	400	Wy_NA	WyNA_Udsub	975	1050	381	1018
48	PR8_HA	WyNA_Udsub	425	500	Wy_NA	WyNA_Udsub	1050	1150	455	1097
49	PR8_HA	WyNA_Udsub	525	575	Wy_NA	WyNA_Udsub	1100	1175	555	1137
50	PR8_HA	WyNA_Udsub	425	475	Wy_NA	WyNA_Udsub	1325	1400	453	1361
51	PR8_HA	WyNA_Udsub	725	825	Wy_NA	WyNA_Udsub	500	600	780	558
52	PR8_HA	WyNA_Udsub	650	725	Wy_NA	WyNA_Udsub	800	925	701	861
53	PR8_HA	WyNA_Udsub	1050	1125	Wy_NA	WyNA_Udsub	100	200	1098	152
54	PR8_HA	WyNA_Udsub	1250	1325	Wy_NA	WyNA_Udsub	75	125	1291	104
55	PR8_HA	WyNA_Udsub	1025	1100	Wy_NA	WyNA_Udsub	650	725	1068	689
56	PR8_HA	WyNA_Udsub	1025	1125	Wy_NA	WyNA_Udsub	850	950	1075	916
57	PR8_HA	WyNA_Udsub	800	875	Wy_NA	WyNA_Udsub	1250	1300	832	1283
58	PR8_HA	WyNA_Udsub	775	825	Wy_NA	WyNA_Udsub	1325	1375	807	1347
59	PR8_HA	WyNA_Udsub	925	1000	Wy_NA	WyNA_Udsub	1200	1275	960	1237
60	PR8_HA	WyNA_Udsub	1125	1175	Wy_NA	WyNA_Udsub	1050	1125	1137	1084
61	PR8_HA	WyNA_Udsub	1075	1125	Wy_NA	WyNA_Udsub	1150	1200	1098	1175
62	PR8_HA	WyNA_Udsub	975	1050	Wy_NA	WyNA_Udsub	1325	1400	1002	1365
63	PR8_HA	WyNA_Udsub	1150	1200	Wy_NA	WyNA_Udsub	1250	1325	1184	1278
64	PR8_HA	WyNA_Udsub	1475	1550	Wy_NA	WyNA_Udsub	50	125	1514	90
65	PR8_HA	WyNA_Udsub	1550	1600	Wy_NA	WyNA_Udsub	50	125	1572	78
66	PR8_HA	WyNA_Udsub	1550	1625	Wy_NA	WyNA_Udsub	125	200	1583	144
67	PR8_HA	WyNA_Udsub	1625	1700	Wy_NA	WyNA_Udsub	125	200	1671	155
68	PR8_HA	WyNA_Udsub	1625	1700	Wy_NA	WyNA_Udsub	200	275	1663	230
69	PR8_HA	WyNA_Udsub	1400	1500	Wy_NA	WyNA_Udsub	300	375	1452	331
70	PR8_HA	WyNA_Udsub	1450	1550	Wy_NA	WyNA_Udsub	425	500	1503	456
71	PR8_HA	WyNA_Udsub	1300	1375	Wy_NA	WyNA_Udsub	650	700	1333	683
72	PR8_HA	WyNA_Udsub	1650	1725	Wy_NA	WyNA_Udsub	975	1050	1687	1002
73	PR8_HA	WyNA_Udsub	1525	1600	Wy_NA	WyNA_Udsub	1125	1225	1569	1181
74	PR8_HA	WyNA_Udsub	225	300	PR8_NP	WyNA_Udsub	100	150	261	131
75	PR8_HA	WyNA_Udsub	350	425	PR8_NP	WyNA_Udsub	150	225	405	180
76	PR8_HA	WyNA_Udsub	200	275	PR8_NP	WyNA_Udsub	400	450	255	430
77	PR8_HA	WyNA_Udsub	325	425	PR8_NP	WyNA_Udsub	425	500	371	461
78	PR8_HA	WyNA_Udsub	25	87	PR8_NP	WyNA_Udsub	475	525	78	513
79	PR8_HA	WyNA_Udsub	25	87	PR8_NP	WyNA_Udsub	525	625	74	581
80	PR8_HA	WyNA_Udsub	87	150	PR8_NP	WyNA_Udsub	475	550	107	512
81	PR8_HA	WyNA_Udsub	87	150	PR8_NP	WyNA_Udsub	567	625	109	581
82	PR8_HA	WyNA_Udsub	50	150	PR8_NP	WyNA_Udsub	800	900	109	849
83	PR8_HA	WyNA_Udsub	250	325	PR8_NP	WyNA_Udsub	775	875	301	827
84	PR8_HA	WyNA_Udsub	50	125	PR8_NP	WyNA_Udsub	1150	1250	73	1197
85	PR8_HA	WyNA_Udsub	150	200	PR8_NP	WyNA_Udsub	1150	1250	177	1199
86	PR8_HA	WyNA_Udsub	250	300	PR8_NP	WyNA_Udsub	1075	1167	271	1146
87	PR8_HA	WyNA_Udsub	250	325	PR8_NP	WyNA_Udsub	1167	1225	292	1193
88	PR8_HA	WyNA_Udsub	325	400	PR8_NP	WyNA_Udsub	1250	1325	364	1299
89	PR8_HA	WyNA_Udsub	150	225	PR8_NP	WyNA_Udsub	1400	1475	186	1440
90	PR8_HA	WyNA_Udsub	425	500	PR8_NP	WyNA_Udsub	850	925	463	880
91	PR8_HA	WyNA_Udsub	450	525	PR8_NP	WyNA_Udsub	1025	1075	478	1054
92	PR8_HA	WyNA_Udsub	425	475	PR8_NP	WyNA_Udsub	1175	1225	454	1204
93	PR8_HA	WyNA_Udsub	550	625	PR8_NP	WyNA_Udsub	1250	1325	590	1304
94	PR8_HA	WyNA_Udsub	825	900	PR8_NP	WyNA_Udsub	150	225	859	195
95	PR8_HA	WyNA_Udsub	850	900	PR8_NP	WyNA_Udsub	400	475	880	430
96	PR8_HA	WyNA_Udsub	750	825	PR8_NP	WyNA_Udsub	500	600	777	546
97	PR8_HA	WyNA_Udsub	825	925	PR8_NP	WyNA_Udsub	725	825	872	777
98	PR8_HA	WyNA_Udsub	650	725	PR8_NP	WyNA_Udsub	1025	1100	695	1064
99	PR8_HA	WyNA_Udsub	925	975	PR8_NP	WyNA_Udsub	625	700	951	670
100	PR8_HA	WyNA_Udsub	875	975	PR8_NP	WyNA_Udsub	1075	1150	933	1111
101	PR8_HA	WyNA_Udsub	1150	1225	PR8_NP	WyNA_Udsub	275	325	1171	298
102	PR8_HA	WyNA_Udsub	1050	1100	PR8_NP	WyNA_Udsub	425	475	1079	452
103	PR8_HA	WyNA_Udsub	1050	1100	PR8_NP	WyNA_Udsub	500	550	1085	514
104	PR8_HA	WyNA_Udsub	1125	1200	PR8_NP	WyNA_Udsub	500	575	1150	533
105	PR8_HA	WyNA_Udsub	1025	1075	PR8_NP	WyNA_Udsub	625	700	1056	682
106	PR8_HA	WyNA_Udsub	1000	1075	PR8_NP	WyNA_Udsub	825	900	1028	869
107	PR8_HA	WyNA_Udsub	1125	1200	PR8_NP	WyNA_Udsub	800	900	1159	881
108	PR8_HA	WyNA_Udsub	1150	1200	PR8_NP	WyNA_Udsub	1025	1075	1166	1045
109	PR8_HA	WyNA_Udsub	1300	1375	PR8_NP	WyNA_Udsub	150	250	1337	174
110	PR8_HA	WyNA_Udsub	1450	1525	PR8_NP	WyNA_Udsub	150	225	1479	186
111	PR8_HA	WyNA_Udsub	1600	1650	PR8_NP	WyNA_Udsub	75	125	1627	104
112	PR8_HA	WyNA_Udsub	1650	1725	PR8_NP	WyNA_Udsub	175	250	1663	216
113	PR8_HA	WyNA_Udsub	1650	1725	PR8_NP	WyNA_Udsub	275	325	1690	308
114	PR8_HA	WyNA_Udsub	1475	1575	PR8_NP	WyNA_Udsub	775	875	1516	829
115	PR8_HA	WyNA_Udsub	1625	1700	PR8_NP	WyNA_Udsub	725	800	1667	787
116	PR8_HA	WyNA_Udsub	1675	1750	PR8_NP	WyNA_Udsub	800	875	1712	827
117	PR8_HA	WyNA_Udsub	1300	1375	PR8_NP	WyNA_Udsub	975	1050	1333	1011
118	PR8_HA	WyNA_Udsub	1475	1550	PR8_NP	WyNA_Udsub	1125	1200	1491	1176
119	PR8_HA	WyNA_Udsub	1675	1750	PR8_NP	WyNA_Udsub	1025	1075	1708	1059
120	PR8_HA	WyNA_Udsub	1650	1725	PR8_NP	WyNA_Udsub	1100	1200	1671	1141
121	PR8_HA	WyNA_Udsub	1450	1525	PR8_NP	WyNA_Udsub	1300	1375	1487	1349
122	PR8_HA	WyNA_Udsub	75	175	PR8_NS	WyNA_Udsub	25	100	132	62
123	PR8_HA	WyNA_Udsub	50	125	PR8_NS	WyNA_Udsub	150	225	76	195
124	PR8_HA	WyNA_Udsub	200	300	PR8_NS	WyNA_Udsub	75	150	257	114
125	PR8_HA	WyNA_Udsub	400	475	PR8_NS	WyNA_Udsub	50	100	445	72
126	PR8_HA	WyNA_Udsub	500	575	PR8_NS	WyNA_Udsub	450	525	542	485
127	PR8_HA	WyNA_Udsub	375	425	PR8_NS	WyNA_Udsub	575	650	406	600
128	PR8_HA	WyNA_Udsub	650	725	PR8_NS	WyNA_Udsub	600	700	676	691
129	PR8_HA	WyNA_Udsub	625	725	PR8_NS	WyNA_Udsub	725	800	676	758
130	PR8_HA	WyNA_Udsub	525	600	PR8_NS	WyNA_Udsub	825	875	555	850
131	PR8_HA	WyNA_Udsub	1050	1100	PR8_NS	WyNA_Udsub	425	500	1085	446
132	PR8_HA	WyNA_Udsub	1150	1200	PR8_NS	WyNA_Udsub	425	500	1167	444
133	PR8_HA	WyNA_Udsub	1400	1475	PR8_NS	WyNA_Udsub	25	125	1457	75
134	PR8_HA	WyNA_Udsub	1475	1550	PR8_NS	WyNA_Udsub	25	150	1475	72
135	PR8_HA	WyNA_Udsub	1550	1625	PR8_NS	WyNA_Udsub	625	700	1596	667
136	PR8_HA	WyNA_Udsub	1625	1700	PR8_NS	WyNA_Udsub	625	700	1667	661
137	PR8_HA	WyNA_Udsub	1175	1250	PR8_NS	WyNA_Udsub	837	889	1216	866
138	PR8_HA	WyNAwt	1125	1175	PR8_NS	WyNAwt	275	350	1150	294
139	PR8_HA	WyNAwt	1100	1175	PR8_NS	WyNAwt	575	650	1135	598
140	PR8_HA	WyNAwt	1175	1250	PR8_NS	WyNAwt	575	650	1213	597
141	PR8_M	WyNA_Udsub	350	450	PR8_NS	WyNA_Udsub	50	125	422	93
142	PR8_M	WyNA_Udsub	150	200	PR8_NS	WyNA_Udsub	275	375	178	326
143	PR8_M	WyNA_Udsub	25	125	PR8_NS	WyNA_Udsub	425	475	81	457
144	PR8_M	WyNA_Udsub	50	100	PR8_NS	WyNA_Udsub	575	625	71	607
145	PR8_M	WyNA_Udsub	25	100	PR8_NS	WyNA_Udsub	675	750	72	715
146	PR8_M	WyNA_Udsub	25	100	PR8_NS	WyNA_Udsub	750	800	66	766
147	PR8_M	WyNA_Udsub	150	200	PR8_NS	WyNA_Udsub	675	750	189	703
148	PR8_M	WyNA_Udsub	200	225	PR8_NS	WyNA_Udsub	675	725	212	703
149	PR8_M	WyNA_Udsub	375	450	PR8_NS	WyNA_Udsub	250	325	420	277
150	PR8_M	WyNA_Udsub	375	450	PR8_NS	WyNA_Udsub	325	375	419	350
151	PR8_M	WyNA_Udsub	400	450	PR8_NS	WyNA_Udsub	425	475	432	445
152	PR8_M	WyNA_Udsub	475	550	PR8_NS	WyNA_Udsub	475	550	509	513
153	PR8_M	WyNA_Udsub	350	450	PR8_NS	WyNA_Udsub	700	800	403	758
154	PR8_M	WyNA_Udsub	475	525	PR8_NS	WyNA_Udsub	725	775	508	751
155	PR8_M	WyNA_Udsub	600	650	PR8_NS	WyNA_Udsub	500	550	620	525
156	PR8_M	WyNA_Udsub	575	650	PR8_NS	WyNA_Udsub	650	700	621	667
157	PR8_M	WyNA_Udsub	575	675	PR8_NS	WyNA_Udsub	250	325	631	275
158	PR8_M	WyNA_Udsub	800	875	PR8_NS	WyNA_Udsub	150	225	845	188
159	PR8_M	WyNA_Udsub	850	925	PR8_NS	WyNA_Udsub	325	400	902	364
160	Wy_NA	WyNA_Udsub	75	125	PR8_M	WyNA_Udsub	100	200	103	159
161	Wy_NA	WyNA_Udsub	125	200	PR8_M	WyNA_Udsub	125	200	168	180
162	Wy_NA	WyNA_Udsub	225	300	PR8_M	WyNA_Udsub	150	200	278	177
163	Wy_NA	WyNA_Udsub	325	400	PR8_M	WyNA_Udsub	50	125	366	82
164	Wy_NA	WyNA_Udsub	125	200	PR8_M	WyNA_Udsub	375	450	168	403
165	Wy_NA	WyNA_Udsub	225	300	PR8_M	WyNA_Udsub	375	450	255	419
166	Wy_NA	WyNA_Udsub	375	437	PR8_M	WyNA_Udsub	375	450	404	417
167	Wy_NA	WyNA_Udsub	50	125	PR8_M	WyNA_Udsub	575	650	73	610
168	Wy_NA	WyNA_Udsub	125	175	PR8_M	WyNA_Udsub	600	650	153	633
169	Wy_NA	WyNA_Udsub	200	275	PR8_M	WyNA_Udsub	600	667	235	648
170	Wy_NA	WyNA_Udsub	200	275	PR8_M	WyNA_Udsub	667	725	232	684
171	Wy_NA	WyNA_Udsub	125	200	PR8_M	WyNA_Udsub	725	800	153	758
172	Wy_NA	WyNA_Udsub	50	125	PR8_M	WyNA_Udsub	875	975	72	926
173	Wy_NA	WyNA_Udsub	125	175	PR8_M	WyNA_Udsub	900	975	151	928
174	Wy_NA	WyNA_Udsub	575	650	PR8_M	WyNA_Udsub	50	100	610	71
175	Wy_NA	WyNA_Udsub	500	575	PR8_M	WyNA_Udsub	375	450	536	404
176	Wy_NA	WyNA_Udsub	525	600	PR8_M	WyNA_Udsub	575	650	556	606
177	Wy_NA	WyNA_Udsub	725	775	PR8_M	WyNA_Udsub	450	525	749	495
178	Wy_NA	WyNA_Udsub	850	925	PR8_M	WyNA_Udsub	100	150	890	126
179	Wy_NA	WyNA_Udsub	1050	1125	PR8_M	WyNA_Udsub	50	100	1093	72
180	Wy_NA	WyNA_Udsub	1175	1275	PR8_M	WyNA_Udsub	125	225	1227	187
181	Wy_NA	WyNA_Udsub	850	950	PR8_M	WyNA_Udsub	375	450	897	409
182	Wy_NA	WyNA_Udsub	975	1050	PR8_M	WyNA_Udsub	375	450	1019	421
183	Wy_NA	WyNA_Udsub	1150	1225	PR8_M	WyNA_Udsub	375	450	1206	417
184	Wy_NA	WyNA_Udsub	1325	1400	PR8_M	WyNA_Udsub	375	450	1359	419
185	Wy_NA	WyNA_Udsub	850	950	PR8_M	WyNA_Udsub	550	650	909	606
186	Wy_NA	WyNA_Udsub	1000	1050	PR8_M	WyNA_Udsub	575	650	1029	604
187	Wy_NA	WyNA_Udsub	1075	1125	PR8_M	WyNA_Udsub	500	575	1097	535
188	Wy_NA	WyNA_Udsub	1150	1225	PR8_M	WyNA_Udsub	550	650	1181	605
189	Wy_NA	WyNA_Udsub	1375	1425	PR8_M	WyNA_Udsub	525	600	1415	550
190	Wy_NA	WyNA_Udsub	900	950	PR8_M	WyNA_Udsub	725	775	919	746
191	Wy_NA	WyNA_Udsub	850	900	PR8_M	WyNA_Udsub	900	975	871	936
192	Wy_NA	WyNA_Udsub	1075	1150	PR8_M	WyNA_Udsub	825	900	1098	855
193	Wy_NA	WyNA_Udsub	50	100	PR8_NS	WyNA_Udsub	300	350	72	320
194	Wy_NA	WyNA_Udsub	50	100	PR8_NS	WyNA_Udsub	625	675	72	656
195	Wy_NA	WyNA_Udsub	50	100	PR8_NS	WyNA_Udsub	675	712	72	697
196	Wy_NA	WyNA_Udsub	67	125	PR8_NS	WyNA_Udsub	712	775	86	717
197	Wy_NA	WyNA_Udsub	125	175	PR8_NS	WyNA_Udsub	790	850	156	816
198	Wy_NA	WyNA_Udsub	200	275	PR8_NS	WyNA_Udsub	500	550	247	522
199	Wy_NA	WyNA_Udsub	200	250	PR8_NS	WyNA_Udsub	675	750	227	710
200	Wy_NA	WyNA_Udsub	325	375	PR8_NS	WyNA_Udsub	175	225	351	202
201	Wy_NA	WyNA_Udsub	325	400	PR8_NS	WyNA_Udsub	450	500	376	480
202	Wy_NA	WyNA_Udsub	375	425	PR8_NS	WyNA_Udsub	575	650	409	598
203	Wy_NA	WyNA_Udsub	500	575	PR8_NS	WyNA_Udsub	275	375	552	335
204	Wy_NA	WyNA_Udsub	1075	1150	PR8_NS	WyNA_Udsub	150	225	1101	202
205	Wy_NA	WyNA_Udsub	1175	1300	PR8_NS	WyNA_Udsub	250	325	1226	287
206	Wy_NA	WyNA_Udsub	1325	1425	PR8_NS	WyNA_Udsub	225	325	1378	282
207	Wy_NA	WyNA_Udsub	850	900	PR8_NS	WyNA_Udsub	500	575	873	532
208	Wy_NA	WyNA_Udsub	1000	1075	PR8_NS	WyNA_Udsub	500	575	1024	536
209	Wy_NA	WyNA_Udsub	1325	1400	PR8_NS	WyNA_Udsub	500	575	1360	541
210	Wy_NA	WyNA_Udsub	1050	1125	PR8_NS	WyNA_Udsub	650	700	1060	673
211	Wy_NA	WyNA_Udsub	850	900	PR8_NS	WyNA_Udsub	725	800	878	763
212	Wy_NA	WyNA_Udsub	937	1000	PR8_NS	WyNA_Udsub	725	800	960	758
213	Wy_NA	WyNA_Udsub	1225	1275	PR8_NS	WyNA_Udsub	725	825	1249	777
214	PR8_NP	WyNA_Udsub	400	475	PR8_M	WyNA_Udsub	50	125	449	82
215	PR8_NP	WyNA_Udsub	300	375	PR8_M	WyNA_Udsub	50	100	340	70
216	PR8_NP	WyNA_Udsub	200	275	PR8_M	WyNA_Udsub	75	175	243	121
217	PR8_NP	WyNA_Udsub	200	250	PR8_M	WyNA_Udsub	300	350	227	329
218	PR8_NP	WyNA_Udsub	150	225	PR8_M	WyNA_Udsub	350	425	195	396
219	PR8_NP	WyNA_Udsub	50	150	PR8_M	WyNA_Udsub	425	525	109	462
220	PR8_NP	WyNA_Udsub	175	250	PR8_M	WyNA_Udsub	500	575	209	536
221	PR8_NP	WyNA_Udsub	175	250	PR8_M	WyNA_Udsub	575	650	211	605
222	PR8_NP	WyNA_Udsub	175	250	PR8_M	WyNA_Udsub	800	875	217	843
223	PR8_NP	WyNA_Udsub	400	475	PR8_M	WyNA_Udsub	375	450	443	403
224	PR8_NP	WyNA_Udsub	400	475	PR8_M	WyNA_Udsub	575	675	445	617
225	PR8_NP	WyNA_Udsub	425	500	PR8_M	WyNA_Udsub	875	975	465	916
226	PR8_NP	WyNA_Udsub	625	700	PR8_M	WyNA_Udsub	50	125	668	83
227	PR8_NP	WyNA_Udsub	575	650	PR8_M	WyNA_Udsub	150	200	626	180
228	PR8_NP	WyNA_Udsub	550	625	PR8_M	WyNA_Udsub	200	275	594	220
229	PR8_NP	WyNA_Udsub	550	650	PR8_M	WyNA_Udsub	350	450	608	397
230	PR8_NP	WyNA_Udsub	500	600	PR8_M	WyNA_Udsub	575	675	539	622
231	PR8_NP	WyNA_Udsub	800	875	PR8_M	WyNA_Udsub	50	125	837	88
232	PR8_NP	WyNA_Udsub	750	825	PR8_M	WyNA_Udsub	325	400	777	375
233	PR8_NP	WyNA_Udsub	750	800	PR8_M	WyNA_Udsub	400	450	782	409
234	PR8_NP	WyNA_Udsub	825	900	PR8_M	WyNA_Udsub	550	650	869	617
235	PR8_NP	WyNA_Udsub	750	800	PR8_M	WyNA_Udsub	750	825	774	788
236	PR8_NP	WyNA_Udsub	650	725	PR8_M	WyNA_Udsub	800	900	690	846
237	PR8_NP	WyNA_Udsub	975	1025	PR8_M	WyNA_Udsub	400	475	998	462
238	PR8_NP	WyNA_Udsub	975	1025	PR8_M	WyNA_Udsub	475	525	998	488
239	PR8_NP	WyNA_Udsub	1025	1075	PR8_M	WyNA_Udsub	525	600	1050	565
240	PR8_NP	WyNA_Udsub	1025	1075	PR8_M	WyNA_Udsub	825	900	1059	856
241	PR8_NP	WyNA_Udsub	1150	1212	PR8_M	WyNA_Udsub	350	450	1181	403
242	PR8_NP	WyNA_Udsub	1350	1425	PR8_M	WyNA_Udsub	25	125	1385	72
243	PR8_NP	WyNA_Udsub	1225	1300	PR8_M	WyNA_Udsub	375	450	1268	419
244	PR8_NP	WyNA_Udsub	1350	1425	PR8_M	WyNA_Udsub	375	450	1396	403
245	PR8_NP	WyNA_Udsub	1350	1400	PR8_M	WyNA_Udsub	475	525	1371	504
246	PR8_NP	WyNA_Udsub	1475	1550	PR8_M	WyNA_Udsub	450	550	1520	496
247	PR8_NP	WyNA_Udsub	1225	1275	PR8_M	WyNA_Udsub	600	675	1254	638
248	PR8_NP	WyNA_Udsub	1300	1350	PR8_M	WyNA_Udsub	600	675	1309	642
249	PR8_NP	WyNA_Udsub	1150	1275	PR8_M	WyNA_Udsub	750	825	1187	783
250	PR8_NP	WyNA_Udsub	1350	1425	PR8_M	WyNA_Udsub	775	875	1398	825
251	PR8_NP	WyNA_Udsub	1250	1350	PR8_M	WyNA_Udsub	900	1000	1301	964
252	PR8_NP	WyNA_Udsub	300	375	Wy_NA	WyNA_Udsub	50	125	354	80
253	PR8_NP	WyNA_Udsub	175	275	Wy_NA	WyNA_Udsub	100	200	212	170
254	PR8_NP	WyNA_Udsub	125	175	Wy_NA	WyNA_Udsub	200	250	156	223
255	PR8_NP	WyNA_Udsub	400	475	Wy_NA	WyNA_Udsub	200	275	452	230
256	PR8_NP	WyNA_Udsub	500	575	Wy_NA	WyNA_Udsub	325	425	550	376
257	PR8_NP	WyNA_Udsub	150	225	Wy_NA	WyNA_Udsub	475	550	186	514
258	PR8_NP	WyNA_Udsub	400	500	Wy_NA	WyNA_Udsub	500	575	442	544
259	PR8_NP	WyNA_Udsub	400	500	Wy_NA	WyNA_Udsub	650	750	447	703
260	PR8_NP	WyNA_Udsub	250	325	Wy_NA	WyNA_Udsub	725	800	291	760
261	PR8_NP	WyNA_Udsub	300	375	Wy_NA	WyNA_Udsub	850	950	334	916
262	PR8_NP	WyNA_Udsub	400	500	Wy_NA	WyNA_Udsub	975	1075	451	1024
263	PR8_NP	WyNA_Udsub	250	325	Wy_NA	WyNA_Udsub	1200	1275	281	1250
264	PR8_NP	WyNA_Udsub	175	250	Wy_NA	WyNA_Udsub	1325	1400	223	1360
265	PR8_NP	WyNA_Udsub	50	125	Wy_NA	WyNA_Udsub	1375	1450	94	1404
266	PR8_NP	WyNA_Udsub	450	525	Wy_NA	WyNA_Udsub	1225	1325	482	1272
267	PR8_NP	WyNA_Udsub	725	800	Wy_NA	WyNA_Udsub	25	100	773	73
268	PR8_NP	WyNA_Udsub	575	650	Wy_NA	WyNA_Udsub	50	100	617	72
269	PR8_NP	WyNA_Udsub	575	675	Wy_NA	WyNA_Udsub	175	275	629	233
270	PR8_NP	WyNA_Udsub	550	625	Wy_NA	WyNA_Udsub	600	675	581	625
271	PR8_NP	WyNA_Udsub	625	700	Wy_NA	WyNA_Udsub	650	725	669	674
272	PR8_NP	WyNA_Udsub	525	600	Wy_NA	WyNA_Udsub	825	925	563	880
273	PR8_NP	WyNA_Udsub	550	625	Wy_NA	WyNA_Udsub	975	1075	579	1021
274	PR8_NP	WyNA_Udsub	550	625	Wy_NA	WyNA_Udsub	1125	1225	605	1177
275	PR8_NP	WyNA_Udsub	900	950	Wy_NA	WyNA_Udsub	125	175	924	153
276	PR8_NP	WyNA_Udsub	825	900	Wy_NA	WyNA_Udsub	125	175	852	152
277	PR8_NP	WyNA_Udsub	750	800	Wy_NA	WyNA_Udsub	525	600	780	560
278	PR8_NP	WyNA_Udsub	850	925	Wy_NA	WyNA_Udsub	500	600	877	549
279	PR8_NP	WyNA_Udsub	825	900	Wy_NA	WyNA_Udsub	950	1025	868	984
280	PR8_NP	WyNA_Udsub	850	950	Wy_NA	WyNA_Udsub	1175	1250	888	1202
281	PR8_NP	WyNA_Udsub	850	925	Wy_NA	WyNA_Udsub	1350	1400	891	1376
282	PR8_NP	WyNA_Udsub	1025	1075	Wy_NA	WyNA_Udsub	75	125	1039	104
283	PR8_NP	WyNA_Udsub	1175	1250	Wy_NA	WyNA_Udsub	25	100	1226	62
284	PR8_NP	WyNA_Udsub	1100	1175	Wy_NA	WyNA_Udsub	125	200	1144	152
285	PR8_NP	WyNA_Udsub	1300	1375	Wy_NA	WyNA_Udsub	100	200	1348	151
286	PR8_NP	WyNA_Udsub	1400	1450	Wy_NA	WyNA_Udsub	100	200	1423	153
287	PR8_NP	WyNA_Udsub	1125	1200	Wy_NA	WyNA_Udsub	325	425	1149	349
288	PR8_NP	WyNA_Udsub	1200	1275	Wy_NA	WyNA_Udsub	325	425	1236	350
289	PR8_NP	WyNA_Udsub	1325	1400	Wy_NA	WyNA_Udsub	350	425	1372	396
290	PR8_NP	WyNA_Udsub	1150	1200	Wy_NA	WyNA_Udsub	475	575	1187	556
291	PR8_NP	WyNA_Udsub	1200	1275	Wy_NA	WyNA_Udsub	475	575	1226	514
292	PR8_NP	WyNA_Udsub	1250	1325	Wy_NA	WyNA_Udsub	625	700	1280	650
293	PR8_NP	WyNA_Udsub	1175	1250	Wy_NA	WyNA_Udsub	850	900	1221	877
294	PR8_NP	WyNA_Udsub	1325	1400	Wy_NA	WyNA_Udsub	825	925	1364	883
295	PR8_NP	WyNA_Udsub	1100	1175	Wy_NA	WyNA_Udsub	1025	1125	1141	1061
296	PR8_NP	WyNA_Udsub	1200	1275	Wy_NA	WyNA_Udsub	1200	1300	1242	1252
297	PR8_NP	WyNA_Udsub	1300	1350	Wy_NA	WyNA_Udsub	1225	1275	1309	1246
298	PR8_NP	WyNA_Udsub	1175	1250	Wy_NA	WyNA_Udsub	1350	1400	1214	1366
299	PR8_NP	WyNA_Udsub	975	1025	Wy_NA	WyNA_Udsub	1050	1100	994	1071
300	PR8_NP	WyNA_Udsub	1025	1075	Wy_NA	WyNA_Udsub	1175	1225	1053	1203
301	PR8_NP	WyNA_Udsub	200	250	PR8_NS	WyNA_Udsub	425	500	227	463
302	PR8_NP	WyNA_Udsub	200	250	PR8_NS	WyNA_Udsub	500	550	233	521
303	PR8_NP	WyNA_Udsub	525	600	PR8_NS	WyNA_Udsub	250	300	585	282
304	PR8_NP	WyNA_Udsub	625	700	PR8_NS	WyNA_Udsub	300	375	669	340
305	PR8_NP	WyNA_Udsub	425	500	PR8_NS	WyNA_Udsub	375	450	473	415
306	PR8_NP	WyNA_Udsub	375	450	PR8_NS	WyNA_Udsub	475	550	396	513
307	PR8_NP	WyNA_Udsub	425	500	PR8_NS	WyNA_Udsub	550	625	462	586
308	PR8_NP	WyNA_Udsub	425	500	PR8_NS	WyNA_Udsub	625	675	467	648
309	PR8_NP	WyNA_Udsub	575	650	PR8_NS	WyNA_Udsub	475	550	615	516
310	PR8_NP	WyNA_Udsub	550	625	PR8_NS	WyNA_Udsub	625	700	580	661
311	PR8_NP	WyNA_Udsub	500	575	PR8_NS	WyNA_Udsub	725	800	541	747
312	PR8_NP	WyNA_Udsub	625	700	PR8_NS	WyNA_Udsub	625	725	666	672
313	PR8_NP	WyNA_Udsub	700	775	PR8_NS	WyNA_Udsub	625	725	742	659
314	PR8_NP	WyNA_Udsub	800	875	PR8_NS	WyNA_Udsub	75	125	833	100
315	PR8_NP	WyNA_Udsub	800	850	PR8_NS	WyNA_Udsub	175	225	828	204
316	PR8_NP	WyNA_Udsub	850	900	PR8_NS	WyNA_Udsub	175	225	871	203
317	PR8_NP	WyNA_Udsub	850	925	PR8_NS	WyNA_Udsub	300	400	892	360
318	PR8_NP	WyNA_Udsub	800	850	PR8_NS	WyNA_Udsub	425	475	849	425
319	PR8_NP	WyNA_Udsub	800	850	PR8_NS	WyNA_Udsub	625	675	827	656
320	PR8_NP	WyNA_Udsub	800	850	PR8_NS	WyNA_Udsub	700	800	824	746
321	PR8_NP	WyNA_Udsub	725	800	PR8_NS	WyNA_Udsub	775	850	752	815
322	PR8_NP	WyNA_Udsub	975	1050	PR8_NS	WyNA_Udsub	150	225	1016	182
323	PR8_NP	WyNA_Udsub	1225	1300	PR8_NS	WyNA_Udsub	50	100	1251	81
324	PR8_NP	WyNA_Udsub	1200	1275	PR8_NS	WyNA_Udsub	100	150	1251	116
325	PR8_NP	WyNA_Udsub	1150	1225	PR8_NS	WyNA_Udsub	250	325	1202	282
326	PR8_NP	WyNA_Udsub	975	1050	PR8_NS	WyNA_Udsub	425	475	1012	444
327	PR8_NP	WyNA_Udsub	1150	1225	PR8_NS	WyNA_Udsub	500	550	1188	523
328	PR8_NP	WyNA_Udsub	1025	1075	PR8_NS	WyNA_Udsub	625	675	1059	654
329	PR8_NP	WyNA_Udsub	1175	1250	PR8_NS	WyNA_Udsub	625	700	1223	659
330	PR8_NP	WyNA_Udsub	1100	1175	PR8_NS	WyNA_Udsub	800	850	1149	820
331	PR8_NP	WyNA_Udsub	1475	1525	PR8_NS	WyNA_Udsub	675	750	1510	722
332	PR8_PA	WyNA_Udsub	50	175	PR8_HA	WyNA_Udsub	25	100	131	74
333	PR8_PA	WyNA_Udsub	250	300	PR8_HA	WyNA_Udsub	50	125	281	108
334	PR8_PA	WyNA_Udsub	50	150	PR8_HA	WyNA_Udsub	150	225	103	183
335	PR8_PA	WyNA_Udsub	150	225	PR8_HA	WyNA_Udsub	225	275	150	256
336	PR8_PA	WyNA_Udsub	125	175	PR8_HA	WyNA_Udsub	275	350	148	319
337	PR8_PA	WyNA_Udsub	175	225	PR8_HA	WyNA_Udsub	300	350	193	329
338	PR8_PA	WyNA_Udsub	75	125	PR8_HA	WyNA_Udsub	300	350	103	338
339	PR8_PA	WyNA_Udsub	75	125	PR8_HA	WyNA_Udsub	350	400	103	371
340	PR8_PA	WyNA_Udsub	75	125	PR8_HA	WyNA_Udsub	425	500	103	444
341	PR8_PA	WyNA_Udsub	75	150	PR8_HA	WyNA_Udsub	500	550	103	524
342	PR8_PA	WyNA_Udsub	75	125	PR8_HA	WyNA_Udsub	612	675	105	626
343	PR8_PA	WyNA_Udsub	150	225	PR8_HA	WyNA_Udsub	600	675	189	628
344	PR8_PA	WyNA_Udsub	175	225	PR8_HA	WyNA_Udsub	750	800	197	776
345	PR8_PA	WyNA_Udsub	100	175	PR8_HA	WyNA_Udsub	975	1050	141	1004
346	PR8_PA	WyNA_Udsub	100	150	PR8_HA	WyNA_Udsub	1050	1100	130	1085
347	PR8_PA	WyNA_Udsub	25	125	PR8_HA	WyNA_Udsub	1125	1225	71	1168
348	PR8_PA	WyNA_Udsub	150	225	PR8_HA	WyNA_Udsub	1325	1425	189	1379
349	PR8_PA	WyNA_Udsub	50	125	PR8_HA	WyNA_Udsub	1450	1550	78	1491
350	PR8_PA	WyNA_Udsub	150	200	PR8_HA	WyNA_Udsub	1550	1625	177	1589
351	PR8_PA	WyNA_Udsub	75	125	PR8_HA	WyNA_Udsub	1625	1725	105	1667
352	PR8_PA	WyNA_Udsub	475	525	PR8_HA	WyNA_Udsub	75	150	501	108
353	PR8_PA	WyNA_Udsub	550	625	PR8_HA	WyNA_Udsub	225	325	587	270
354	PR8_PA	WyNA_Udsub	700	775	PR8_HA	WyNA_Udsub	150	225	737	187
355	PR8_PA	WyNA_Udsub	800	875	PR8_HA	WyNA_Udsub	150	250	835	196
356	PR8_PA	WyNA_Udsub	375	425	PR8_HA	WyNA_Udsub	550	625	406	577
357	PR8_PA	WyNA_Udsub	425	500	PR8_HA	WyNA_Udsub	550	625	425	577
358	PR8_PA	WyNA_Udsub	650	725	PR8_HA	WyNA_Udsub	500	600	695	546
359	PR8_PA	WyNA_Udsub	925	1000	PR8_HA	WyNA_Udsub	400	500	969	445
360	PR8_PA	WyNA_Udsub	825	875	PR8_HA	WyNA_Udsub	500	575	850	546
361	PR8_PA	WyNA_Udsub	800	850	PR8_HA	WyNA_Udsub	575	625	828	589
362	PR8_PA	WyNA_Udsub	600	675	PR8_HA	WyNA_Udsub	650	725	648	682
363	PR8_PA	WyNA_Udsub	825	875	PR8_HA	WyNA_Udsub	675	750	849	733
364	PR8_PA	WyNA_Udsub	650	700	PR8_HA	WyNA_Udsub	825	900	681	864
365	PR8_PA	WyNA_Udsub	800	875	PR8_HA	WyNA_Udsub	775	875	840	823
366	PR8_PA	WyNA_Udsub	875	975	PR8_HA	WyNA_Udsub	850	925	907	869
367	PR8_PA	WyNA_Udsub	525	600	PR8_HA	WyNA_Udsub	1025	1125	573	1078
368	PR8_PA	WyNA_Udsub	800	875	PR8_HA	WyNA_Udsub	1075	1175	850	1152
369	PR8_PA	WyNA_Udsub	725	800	PR8_HA	WyNA_Udsub	1300	1375	773	1338
370	PR8_PA	WyNA_Udsub	425	500	PR8_HA	WyNA_Udsub	1525	1600	467	1571
371	PR8_PA	WyNA_Udsub	425	500	PR8_HA	WyNA_Udsub	1650	1725	459	1687
372	PR8_PA	WyNA_Udsub	800	875	PR8_HA	WyNA_Udsub	1525	1600	847	1570
373	PR8_PA	WyNA_Udsub	1175	1250	PR8_HA	WyNA_Udsub	25	100	1210	74
374	PR8_PA	WyNA_Udsub	1150	1225	PR8_HA	WyNA_Udsub	100	150	1188	100
375	PR8_PA	WyNA_Udsub	1325	1400	PR8_HA	WyNA_Udsub	75	150	1376	149
376	PR8_PA	WyNA_Udsub	1325	1425	PR8_HA	WyNA_Udsub	150	225	1376	168
377	PR8_PA	WyNA_Udsub	1350	1425	PR8_HA	WyNA_Udsub	275	375	1373	331
378	PR8_PA	WyNA_Udsub	1175	1250	PR8_HA	WyNA_Udsub	325	400	1215	367
379	PR8_PA	WyNA_Udsub	1350	1425	PR8_HA	WyNA_Udsub	650	725	1387	686
380	PR8_PA	WyNA_Udsub	1150	1250	PR8_HA	WyNA_Udsub	850	925	1207	882
381	PR8_PA	WyNA_Udsub	1425	1500	PR8_HA	WyNA_Udsub	775	850	1463	823
382	PR8_PA	WyNA_Udsub	1525	1600	PR8_HA	WyNA_Udsub	850	925	1571	909
383	PR8_PA	WyNA_Udsub	1550	1600	PR8_HA	WyNA_Udsub	975	1025	1573	1004
384	PR8_PA	WyNA_Udsub	1350	1425	PR8_HA	WyNA_Udsub	1125	1200	1378	1159
385	PR8_PA	WyNA_Udsub	1425	1475	PR8_HA	WyNA_Udsub	1125	1200	1444	1150
386	PR8_PA	WyNA_Udsub	1450	1525	PR8_HA	WyNA_Udsub	1325	1400	1490	1364
387	PR8_PA	WyNA_Udsub	1125	1200	PR8_HA	WyNA_Udsub	1600	1700	1154	1657
388	PR8_PA	WyNA_Udsub	1325	1425	PR8_HA	WyNA_Udsub	1650	1750	1382	1700
389	PR8_PA	WyNA_Udsub	1425	1500	PR8_HA	WyNA_Udsub	1550	1650	1473	1599
390	PR8_PA	WyNA_Udsub	1625	1675	PR8_HA	WyNA_Udsub	100	175	1650	139
391	PR8_PA	WyNA_Udsub	1925	2025	PR8_HA	WyNA_Udsub	50	125	1974	81
392	PR8_PA	WyNA_Udsub	2125	2200	PR8_HA	WyNA_Udsub	150	250	2182	195
393	PR8_PA	WyNA_Udsub	2050	2100	PR8_HA	WyNA_Udsub	200	250	2078	226
394	PR8_PA	WyNA_Udsub	1825	1900	PR8_HA	WyNA_Udsub	400	475	1861	445
395	PR8_PA	WyNA_Udsub	1625	1700	PR8_HA	WyNA_Udsub	600	675	1654	649
396	PR8_PA	WyNA_Udsub	1650	1750	PR8_HA	WyNA_Udsub	750	825	1696	788
397	PR8_PA	WyNA_Udsub	1975	2050	PR8_HA	WyNA_Udsub	475	600	2001	562
398	PR8_PA	WyNA_Udsub	1975	2050	PR8_HA	WyNA_Udsub	625	700	2002	650
399	PR8_PA	WyNA_Udsub	1900	2000	PR8_HA	WyNA_Udsub	750	825	1961	781
400	PR8_PA	WyNA_Udsub	2075	2175	PR8_HA	WyNA_Udsub	750	825	2125	788
401	PR8_PA	WyNA_Udsub	2125	2200	PR8_HA	WyNA_Udsub	850	950	2165	895
402	PR8_PA	WyNA_Udsub	1925	2000	PR8_HA	WyNA_Udsub	1175	1250	1974	1213
403	PR8_PA	WyNA_Udsub	2075	2150	PR8_HA	WyNA_Udsub	1100	1200	2115	1156
404	PR8_PA	WyNA_Udsub	2150	2225	PR8_HA	WyNA_Udsub	1300	1375	2200	1334
405	PR8_PA	WyNA_Udsub	2125	2200	PR8_HA	WyNA_Udsub	1475	1550	2163	1514
406	PR8_PA	WyNA_Udsub	2075	2150	PR8_HA	WyNA_Udsub	1575	1650	2149	1578
407	PR8_PA	WyNA_Udsub	1825	1925	PR8_HA	WyNA_Udsub	1625	1725	1879	1682
408	PR8_PA	WyNA_Udsub	50	150	PR8_M	WyNA_Udsub	50	150	99	81
409	PR8_PA	WyNA_Udsub	75	120	PR8_M	WyNA_Udsub	375	450	107	405
410	PR8_PA	WyNA_Udsub	120	175	PR8_M	WyNA_Udsub	375	450	134	398
411	PR8_PA	WyNA_Udsub	75	150	PR8_M	WyNA_Udsub	575	650	103	617
412	PR8_PA	WyNA_Udsub	75	175	PR8_M	WyNA_Udsub	750	837	130	800
413	PR8_PA	WyNA_Udsub	50	125	PR8_M	WyNA_Udsub	837	900	115	837
414	PR8_PA	WyNA_Udsub	550	625	PR8_M	WyNA_Udsub	50	100	588	83
415	PR8_PA	WyNA_Udsub	675	775	PR8_M	WyNA_Udsub	50	125	718	101
416	PR8_PA	WyNA_Udsub	800	850	PR8_M	WyNA_Udsub	125	200	825	180
417	PR8_PA	WyNA_Udsub	875	950	PR8_M	WyNA_Udsub	50	125	906	80
418	PR8_PA	WyNA_Udsub	450	525	PR8_M	WyNA_Udsub	200	275	479	240
419	PR8_PA	WyNA_Udsub	525	625	PR8_M	WyNA_Udsub	350	450	576	391
420	PR8_PA	WyNA_Udsub	525	575	PR8_M	WyNA_Udsub	525	600	551	566
421	PR8_PA	WyNA_Udsub	650	725	PR8_M	WyNA_Udsub	575	675	695	620
422	PR8_PA	WyNA_Udsub	800	900	PR8_M	WyNA_Udsub	575	675	848	631
423	PR8_PA	WyNA_Udsub	550	625	PR8_M	WyNA_Udsub	875	925	593	906
424	PR8_PA	WyNA_Udsub	800	875	PR8_M	WyNA_Udsub	850	950	846	911
425	PR8_PA	WyNA_Udsub	825	887	PR8_M	WyNA_Udsub	400	475	872	424
426	PR8_PA	WyNA_Udsub	887	925	PR8_M	WyNA_Udsub	350	450	908	417
427	PR8_PA	WyNA_Udsub	925	1000	PR8_M	WyNA_Udsub	350	450	973	391
428	PR8_PA	WyNA_Udsub	1025	1075	PR8_M	WyNA_Udsub	350	450	1051	397
429	PR8_PA	WyNA_Udsub	1100	1200	PR8_M	WyNA_Udsub	175	250	1138	227
430	PR8_PA	WyNA_Udsub	1100	1200	PR8_M	WyNA_Udsub	350	450	1151	404
431	PR8_PA	WyNA_Udsub	1150	1225	PR8_M	WyNA_Udsub	750	825	1202	796
432	PR8_PA	WyNA_Udsub	1125	1200	PR8_M	WyNA_Udsub	875	950	1165	918
433	PR8_PA	WyNA_Udsub	1350	1425	PR8_M	WyNA_Udsub	100	175	1373	135
434	PR8_PA	WyNA_Udsub	1250	1325	PR8_M	WyNA_Udsub	375	450	1289	404
435	PR8_PA	WyNA_Udsub	1350	1425	PR8_M	WyNA_Udsub	375	450	1378	422
436	PR8_PA	WyNA_Udsub	1350	1425	PR8_M	WyNA_Udsub	475	525	1401	497
437	PR8_PA	WyNA_Udsub	1300	1375	PR8_M	WyNA_Udsub	750	825	1339	782
438	PR8_PA	WyNA_Udsub	1525	1625	PR8_M	WyNA_Udsub	350	450	1575	429
439	PR8_PA	WyNA_Udsub	1525	1600	PR8_M	WyNA_Udsub	475	525	1570	497
440	PR8_PA	WyNA_Udsub	1575	1625	PR8_M	WyNA_Udsub	575	650	1608	614
441	PR8_PA	WyNA_Udsub	1425	1500	PR8_M	WyNA_Udsub	775	850	1481	813
442	PR8_PA	WyNA_Udsub	1500	1575	PR8_M	WyNA_Udsub	775	850	1544	813
443	PR8_PA	WyNA_Udsub	1700	1775	PR8_M	WyNA_Udsub	100	200	1734	153
444	PR8_PA	WyNA_Udsub	1925	2000	PR8_M	WyNA_Udsub	100	175	1969	134
445	PR8_PA	WyNA_Udsub	2050	2150	PR8_M	WyNA_Udsub	25	125	2103	83
446	PR8_PA	WyNA_Udsub	1850	1925	PR8_M	WyNA_Udsub	325	375	1886	360
447	PR8_PA	WyNA_Udsub	1850	1925	PR8_M	WyNA_Udsub	375	450	1886	411
448	PR8_PA	WyNA_Udsub	1975	2037	PR8_M	WyNA_Udsub	375	450	2027	421
449	PR8_PA	WyNA_Udsub	2037	2100	PR8_M	WyNA_Udsub	400	450	2057	424
450	PR8_PA	WyNA_Udsub	2025	2087	PR8_M	WyNA_Udsub	475	525	2076	509
451	PR8_PA	WyNA_Udsub	2087	2150	PR8_M	WyNA_Udsub	500	575	2108	544
452	PR8_PA	WyNA_Udsub	2125	2175	PR8_M	WyNA_Udsub	575	650	2149	614
453	PR8_PA	WyNA_Udsub	2175	2225	PR8_M	WyNA_Udsub	525	650	2182	592
454	PR8_PA	WyNA_Udsub	1975	2050	PR8_M	WyNA_Udsub	575	675	1981	629
455	PR8_PA	WyNA_Udsub	1950	2025	PR8_M	WyNA_Udsub	725	800	1976	776
456	PR8_PA	WyNA_Udsub	1950	2025	PR8_M	WyNA_Udsub	875	950	1988	912
457	PR8_PA	WyNA_Udsub	2100	2175	PR8_M	WyNA_Udsub	875	950	2154	913
458	PR8_PA	WyNA_Udsub	225	300	Wy_NA	WyNA_Udsub	25	125	262	72
459	PR8_PA	WyNA_Udsub	75	125	Wy_NA	WyNA_Udsub	100	200	108	155
460	PR8_PA	WyNA_Udsub	125	175	Wy_NA	WyNA_Udsub	125	200	141	161
461	PR8_PA	WyNA_Udsub	375	425	Wy_NA	WyNA_Udsub	125	175	399	152
462	PR8_PA	WyNA_Udsub	75	125	Wy_NA	WyNA_Udsub	300	375	103	343
463	PR8_PA	WyNA_Udsub	100	150	Wy_NA	WyNA_Udsub	550	625	131	598
464	PR8_PA	WyNA_Udsub	375	450	Wy_NA	WyNA_Udsub	625	700	419	663
465	PR8_PA	WyNA_Udsub	75	125	Wy_NA	WyNA_Udsub	750	825	105	789
466	PR8_PA	WyNA_Udsub	125	175	Wy_NA	WyNA_Udsub	750	825	130	789
467	PR8_PA	WyNA_Udsub	75	125	Wy_NA	WyNA_Udsub	925	1000	103	958
468	PR8_PA	WyNA_Udsub	100	175	Wy_NA	WyNA_Udsub	1050	1100	130	1076
469	PR8_PA	WyNA_Udsub	75	125	Wy_NA	WyNA_Udsub	1150	1225	105	1181
470	PR8_PA	WyNA_Udsub	75	150	Wy_NA	WyNA_Udsub	1237	1300	108	1255
471	PR8_PA	WyNA_Udsub	900	975	Wy_NA	WyNA_Udsub	50	125	937	88
472	PR8_PA	WyNA_Udsub	725	800	Wy_NA	WyNA_Udsub	275	375	773	331
473	PR8_PA	WyNA_Udsub	800	875	Wy_NA	WyNA_Udsub	600	700	845	651
474	PR8_PA	WyNA_Udsub	425	500	Wy_NA	WyNA_Udsub	1050	1150	464	1101
475	PR8_PA	WyNA_Udsub	500	575	Wy_NA	WyNA_Udsub	1025	1125	548	1079
476	PR8_PA	WyNA_Udsub	500	575	Wy_NA	WyNA_Udsub	1150	1225	545	1166
477	PR8_PA	WyNA_Udsub	650	725	Wy_NA	WyNA_Udsub	1050	1125	695	1074
478	PR8_PA	WyNA_Udsub	775	850	Wy_NA	WyNA_Udsub	1025	1100	824	1056
479	PR8_PA	WyNA_Udsub	950	1025	Wy_NA	WyNA_Udsub	1075	1150	998	1102
480	PR8_PA	WyNA_Udsub	1025	1100	Wy_NA	WyNA_Udsub	825	900	1067	872
481	PR8_PA	WyNA_Udsub	1100	1167	Wy_NA	WyNA_Udsub	50	100	1137	76
482	PR8_PA	WyNA_Udsub	1167	1250	Wy_NA	WyNA_Udsub	50	100	1203	84
483	PR8_PA	WyNA_Udsub	1150	1225	Wy_NA	WyNA_Udsub	200	300	1191	255
484	PR8_PA	WyNA_Udsub	1150	1225	Wy_NA	WyNA_Udsub	400	500	1203	451
485	PR8_PA	WyNA_Udsub	1175	1250	Wy_NA	WyNA_Udsub	1150	1225	1216	1181
486	PR8_PA	WyNA_Udsub	1025	1100	Wy_NA	WyNA_Udsub	825	900	1067	872
487	PR8_PA	WyNA_Udsub	1375	1450	Wy_NA	WyNA_Udsub	100	175	1412	151
488	PR8_PA	WyNA_Udsub	1450	1550	Wy_NA	WyNA_Udsub	25	100	1504	73
489	PR8_PA	WyNA_Udsub	1475	1550	Wy_NA	WyNA_Udsub	112	175	1501	144
490	PR8_PA	WyNA_Udsub	1600	1675	Wy_NA	WyNA_Udsub	425	500	1650	466
491	PR8_PA	WyNA_Udsub	1350	1425	Wy_NA	WyNA_Udsub	850	925	1378	891
492	PR8_PA	WyNA_Udsub	1325	1400	Wy_NA	WyNA_Udsub	1350	1450	1350	1416
493	PR8_PA	WyNA_Udsub	1575	1650	Wy_NA	WyNA_Udsub	1075	1150	1609	1116
494	PR8_PA	WyNA_Udsub	2025	2125	Wy_NA	WyNA_Udsub	125	200	2075	155
495	PR8_PA	WyNA_Udsub	2025	2100	Wy_NA	WyNA_Udsub	525	600	2052	566
496	PR8_PA	WyNA_Udsub	2025	2100	Wy_NA	WyNA_Udsub	650	725	2059	695
497	PR8_PA	WyNA_Udsub	1950	2025	Wy_NA	WyNA_Udsub	750	825	1983	773
498	PR8_PA	WyNA_Udsub	1850	1925	Wy_NA	WyNA_Udsub	875	950	1888	920
499	PR8_PA	WyNA_Udsub	1775	1850	Wy_NA	WyNA_Udsub	1175	1250	1827	1220
500	PR8_PA	WyNA_Udsub	1950	2025	Wy_NA	WyNA_Udsub	1000	1100	1985	1061
501	PR8_PA	WyNA_Udsub	1950	2025	Wy_NA	WyNA_Udsub	1250	1325	1985	1289
502	PR8_PA	WyNA_Udsub	2025	2100	Wy_NA	WyNA_Udsub	1175	1275	2058	1227
503	PR8_PA	WyNA_Udsub	2100	2175	Wy_NA	WyNA_Udsub	1075	1150	2154	1101
504	PR8_PA	WyNA_Udsub	2125	2175	Wy_NA	WyNA_Udsub	1250	1325	2149	1292
505	PR8_PA	WyNA_Udsub	50	125	PR8_NP	WyNA_Udsub	175	275	124	258
506	PR8_PA	WyNA_Udsub	125	200	PR8_NP	WyNA_Udsub	225	325	166	279
507	PR8_PA	WyNA_Udsub	75	150	PR8_NP	WyNA_Udsub	400	500	148	444
508	PR8_PA	WyNA_Udsub	150	225	PR8_NP	WyNA_Udsub	400	500	150	444
509	PR8_PA	WyNA_Udsub	250	325	PR8_NP	WyNA_Udsub	500	575	273	541
510	PR8_PA	WyNA_Udsub	75	150	PR8_NP	WyNA_Udsub	525	625	103	556
511	PR8_PA	WyNA_Udsub	75	175	PR8_NP	WyNA_Udsub	725	800	139	765
512	PR8_PA	WyNA_Udsub	200	275	PR8_NP	WyNA_Udsub	725	800	223	761
513	PR8_PA	WyNA_Udsub	100	175	PR8_NP	WyNA_Udsub	975	1050	135	1049
514	PR8_PA	WyNA_Udsub	75	175	PR8_NP	WyNA_Udsub	1100	1175	137	1144
515	PR8_PA	WyNA_Udsub	1225	1300	PR8_NP	WyNA_Udsub	100	175	1299	174
516	PR8_PA	WyNA_Udsub	550	625	PR8_NP	WyNA_Udsub	225	325	597	263
517	PR8_PA	WyNA_Udsub	425	500	PR8_NP	WyNA_Udsub	300	375	469	342
518	PR8_PA	WyNA_Udsub	525	575	PR8_NP	WyNA_Udsub	400	475	552	442
519	PR8_PA	WyNA_Udsub	500	575	PR8_NP	WyNA_Udsub	500	575	551	533
520	PR8_PA	WyNA_Udsub	475	575	PR8_NP	WyNA_Udsub	825	925	517	880
521	PR8_PA	WyNA_Udsub	625	700	PR8_NP	WyNA_Udsub	825	900	673	863
522	PR8_PA	WyNA_Udsub	650	725	PR8_NP	WyNA_Udsub	1125	1200	681	1162
523	PR8_PA	WyNA_Udsub	525	625	PR8_NP	WyNA_Udsub	1200	1300	580	1252
524	PR8_PA	WyNA_Udsub	575	625	PR8_NP	WyNA_Udsub	1425	1475	605	1444
525	PR8_PA	WyNA_Udsub	800	900	PR8_NP	WyNA_Udsub	300	375	848	339
526	PR8_PA	WyNA_Udsub	775	875	PR8_NP	WyNA_Udsub	525	625	817	589
527	PR8_PA	WyNA_Udsub	1000	1100	PR8_NP	WyNA_Udsub	825	925	1063	874
528	PR8_PA	WyNA_Udsub	800	900	PR8_NP	WyNA_Udsub	1150	1250	851	1197
529	PR8_PA	WyNA_Udsub	1000	1075	PR8_NP	WyNA_Udsub	1100	1175	1042	1144
530	PR8_PA	WyNA_Udsub	1150	1225	PR8_NP	WyNA_Udsub	925	1025	1192	967
531	PR8_PA	WyNA_Udsub	1150	1225	PR8_NP	WyNA_Udsub	1100	1175	1198	1144
532	PR8_PA	WyNA_Udsub	1150	1225	PR8_NP	WyNA_Udsub	1225	1325	1187	1274
533	PR8_PA	WyNA_Udsub	1300	1400	PR8_NP	WyNA_Udsub	525	600	1339	552
534	PR8_PA	WyNA_Udsub	1500	1575	PR8_NP	WyNA_Udsub	600	675	1550	647
535	PR8_PA	WyNA_Udsub	1400	1500	PR8_NP	WyNA_Udsub	700	800	1451	747
536	PR8_PA	WyNA_Udsub	1550	1650	PR8_NP	WyNA_Udsub	725	825	1612	773
537	PR8_PA	WyNA_Udsub	1425	1500	PR8_NP	WyNA_Udsub	1125	1200	1476	1162
538	PR8_PA	WyNA_Udsub	1525	1600	PR8_NP	WyNA_Udsub	1075	1175	1550	1125
539	PR8_PA	WyNA_Udsub	1500	1575	PR8_NP	WyNA_Udsub	1275	1350	1543	1299
540	PR8_PA	WyNA_Udsub	1600	1700	PR8_NP	WyNA_Udsub	1250	1325	1659	1283
541	PR8_PA	WyNA_Udsub	1775	1850	PR8_NP	WyNA_Udsub	1200	1350	1818	1236
542	PR8_PA	WyNA_Udsub	1775	1875	PR8_NP	WyNA_Udsub	1350	1400	1827	1365
543	PR8_PA	WyNA_Udsub	1800	1875	PR8_NP	WyNA_Udsub	1450	1525	1829	1480
544	PR8_PA	WyNA_Udsub	2100	2200	PR8_NP	WyNA_Udsub	175	275	2149	213
545	PR8_PA	WyNA_Udsub	1950	2025	PR8_NP	WyNA_Udsub	400	475	1976	438
546	PR8_PA	WyNA_Udsub	2025	2100	PR8_NP	WyNA_Udsub	500	550	2061	531
547	PR8_PA	WyNA_Udsub	2100	2175	PR8_NP	WyNA_Udsub	550	650	2145	604
548	PR8_PA	WyNA_Udsub	2075	2175	PR8_NP	WyNA_Udsub	725	800	2123	787
549	PR8_PA	WyNA_Udsub	1900	1975	PR8_NP	WyNA_Udsub	825	925	1942	870
550	PR8_PA	WyNA_Udsub	1975	2050	PR8_NP	WyNA_Udsub	1150	1225	2019	1193
551	PR8_PA	WyNA_Udsub	2100	2175	PR8_NP	WyNA_Udsub	1150	1225	2139	1188
552	PR8_PA	WyNA_Udsub	50	150	PR8_NS	WyNA_Udsub	25	100	103	80
553	PR8_PA	WyNA_Udsub	50	125	PR8_NS	WyNA_Udsub	100	150	96	109
554	PR8_PA	WyNA_Udsub	75	150	PR8_NS	WyNA_Udsub	250	350	99	291
555	PR8_PA	WyNA_Udsub	75	175	PR8_NS	WyNA_Udsub	475	575	131	537
556	PR8_PA	WyNA_Udsub	200	250	PR8_NS	WyNA_Udsub	525	600	239	556
557	PR8_PA	WyNA_Udsub	250	300	PR8_NS	WyNA_Udsub	475	550	271	525
558	PR8_PA	WyNA_Udsub	125	225	PR8_NS	WyNA_Udsub	700	787	181	747
559	PR8_PA	WyNA_Udsub	125	225	PR8_NS	WyNA_Udsub	787	850	181	798
560	PR8_PA	WyNA_Udsub	550	625	PR8_NS	WyNA_Udsub	150	225	598	181
561	PR8_PA	WyNA_Udsub	550	625	PR8_NS	WyNA_Udsub	250	325	584	270
562	PR8_PA	WyNA_Udsub	725	800	PR8_NS	WyNA_Udsub	150	225	773	194
563	PR8_PA	WyNA_Udsub	650	725	PR8_NS	WyNA_Udsub	400	500	687	452
564	PR8_PA	WyNA_Udsub	575	625	PR8_NS	WyNA_Udsub	500	550	612	521
565	PR8_PA	WyNA_Udsub	425	500	PR8_NS	WyNA_Udsub	500	550	468	518
566	PR8_PA	WyNA_Udsub	425	500	PR8_NS	WyNA_Udsub	650	725	470	688
567	PR8_PA	WyNA_Udsub	625	725	PR8_NS	WyNA_Udsub	650	750	686	696
568	PR8_PA	WyNA_Udsub	875	950	PR8_NS	WyNA_Udsub	250	325	915	304
569	PR8_PA	WyNA_Udsub	800	875	PR8_NS	WyNA_Udsub	325	400	827	358
570	PR8_PA	WyNA_Udsub	875	950	PR8_NS	WyNA_Udsub	500	600	916	555
571	PR8_PA	WyNA_Udsub	800	875	PR8_NS	WyNA_Udsub	625	700	850	658
572	PR8_PA	WyNA_Udsub	1000	1075	PR8_NS	WyNA_Udsub	625	725	1029	673
573	PR8_PA	WyNA_Udsub	1150	1250	PR8_NS	WyNA_Udsub	150	225	1209	187
574	PR8_PA	WyNA_Udsub	1100	1200	PR8_NS	WyNA_Udsub	275	375	1151	337
575	PR8_PA	WyNA_Udsub	1325	1400	PR8_NS	WyNA_Udsub	250	350	1366	291
576	PR8_PA	WyNA_Udsub	1150	1225	PR8_NS	WyNA_Udsub	450	550	1200	513
577	PR8_PA	WyNA_Udsub	1150	1250	PR8_NS	WyNA_Udsub	775	850	1200	806
578	PR8_PA	WyNA_Udsub	1325	1425	PR8_NS	WyNA_Udsub	700	800	1378	754
579	PR8_PA	WyNA_Udsub	1375	1475	PR8_NS	WyNA_Udsub	600	675	1375	673
580	PR8_PA	WyNA_Udsub	1475	1550	PR8_NS	WyNA_Udsub	475	575	1504	516
581	PR8_PA	WyNA_Udsub	1550	1625	PR8_NS	WyNA_Udsub	300	375	1591	340
582	PR8_PA	WyNA_Udsub	1575	1675	PR8_NS	WyNA_Udsub	575	700	1610	647
583	PR8_PA	WyNA_Udsub	1825	1875	PR8_NS	WyNA_Udsub	50	100	1848	80
584	PR8_PA	WyNA_Udsub	1800	1875	PR8_NS	WyNA_Udsub	150	225	1840	170
585	PR8_PA	WyNA_Udsub	2000	2075	PR8_NS	WyNA_Udsub	100	175	2043	153
586	PR8_PA	WyNA_Udsub	2150	2225	PR8_NS	WyNA_Udsub	175	250	2192	207
587	PR8_PA	WyNA_Udsub	1850	1925	PR8_NS	WyNA_Udsub	625	700	1899	661
588	PR8_PA	WyNA_Udsub	1950	2000	PR8_NS	WyNA_Udsub	600	675	1999	638
589	PR8_PA	WyNA_Udsub	2000	2075	PR8_NS	WyNA_Udsub	575	675	2019	638
590	PR8_PA	WyNA_Udsub	1925	2000	PR8_NS	WyNA_Udsub	725	800	1974	758
591	PR8_PA	WyNA_Udsub	1975	2050	PR8_NS	WyNA_Udsub	800	875	2009	845
592	PR8_PA	WyNA_Udsub	2100	2175	PR8_NS	WyNA_Udsub	725	800	2147	747
593	Wy_PB1	WyNA_Udsub	100	175	PR8_HA	WyNA_Udsub	25	100	150	69
594	Wy_PB1	WyNA_Udsub	100	175	PR8_HA	WyNA_Udsub	125	225	128	178
595	Wy_PB1	WyNA_Udsub	250	325	PR8_HA	WyNA_Udsub	50	125	281	85
596	Wy_PB1	WyNA_Udsub	250	325	PR8_HA	WyNA_Udsub	125	225	289	170
597	Wy_PB1	WyNA_Udsub	250	350	PR8_HA	WyNA_Udsub	400	500	305	453
598	Wy_PB1	WyNA_Udsub	50	150	PR8_HA	WyNA_Udsub	500	575	113	536
599	Wy_PB1	WyNA_Udsub	50	125	PR8_HA	WyNA_Udsub	600	700	89	654
600	Wy_PB1	WyNA_Udsub	300	375	PR8_HA	WyNA_Udsub	850	925	341	897
601	Wy_PB1	WyNA_Udsub	200	275	PR8_HA	WyNA_Udsub	975	1050	226	1014
602	Wy_PB1	WyNA_Udsub	175	250	PR8_HA	WyNA_Udsub	1625	1725	208	1686
603	Wy_PB1	WyNA_Udsub	650	725	PR8_HA	WyNA_Udsub	150	225	674	195
604	Wy_PB1	WyNA_Udsub	725	800	PR8_HA	WyNA_Udsub	225	300	758	260
605	Wy_PB1	WyNA_Udsub	500	575	PR8_HA	WyNA_Udsub	325	400	536	370
606	Wy_PB1	WyNA_Udsub	475	550	PR8_HA	WyNA_Udsub	775	875	522	827
607	Wy_PB1	WyNA_Udsub	675	750	PR8_HA	WyNA_Udsub	850	925	723	888
608	Wy_PB1	WyNA_Udsub	425	525	PR8_HA	WyNA_Udsub	1025	1100	478	1058
609	Wy_PB1	WyNA_Udsub	675	750	PR8_HA	WyNA_Udsub	1650	1725	702	1688
610	Wy_PB1	WyNA_Udsub	950	1025	PR8_HA	WyNA_Udsub	200	300	986	254
611	Wy_PB1	WyNA_Udsub	875	950	PR8_HA	WyNA_Udsub	375	475	919	445
612	Wy_PB1	WyNA_Udsub	900	975	PR8_HA	WyNA_Udsub	1450	1525	947	1491
613	Wy_PB1	WyNA_Udsub	1400	1475	PR8_HA	WyNA_Udsub	25	100	1431	57
614	Wy_PB1	WyNA_Udsub	1500	1600	PR8_HA	WyNA_Udsub	50	150	1548	105
615	Wy_PB1	WyNA_Udsub	1500	1600	PR8_HA	WyNA_Udsub	150	225	1548	169
616	Wy_PB1	WyNA_Udsub	1675	1725	PR8_HA	WyNA_Udsub	50	125	1695	93
617	Wy_PB1	WyNA_Udsub	1300	1400	PR8_HA	WyNA_Udsub	225	300	1360	258
618	Wy_PB1	WyNA_Udsub	1300	1400	PR8_HA	WyNA_Udsub	350	425	1363	375
619	Wy_PB1	WyNA_Udsub	1325	1400	PR8_HA	WyNA_Udsub	500	575	1355	546
620	Wy_PB1	WyNA_Udsub	1550	1625	PR8_HA	WyNA_Udsub	525	600	1592	555
621	Wy_PB1	WyNA_Udsub	1475	1550	PR8_HA	WyNA_Udsub	625	725	1495	676
622	Wy_PB1	WyNA_Udsub	1200	1275	PR8_HA	WyNA_Udsub	850	925	1244	881
623	Wy_PB1	WyNA_Udsub	1300	1400	PR8_HA	WyNA_Udsub	1025	1125	1352	1076
624	Wy_PB1	WyNA_Udsub	1200	1300	PR8_HA	WyNA_Udsub	1100	1200	1244	1139
625	Wy_PB1	WyNA_Udsub	1650	1750	PR8_HA	WyNA_Udsub	650	725	1693	679
626	Wy_PB1	WyNA_Udsub	1650	1725	PR8_HA	WyNA_Udsub	800	875	1696	835
627	Wy_PB1	WyNA_Udsub	1525	1600	PR8_HA	WyNA_Udsub	900	975	1560	926
628	Wy_PB1	WyNA_Udsub	1625	1700	PR8_HA	WyNA_Udsub	1050	1125	1656	1079
629	Wy_PB1	WyNA_Udsub	1475	1575	PR8_HA	WyNA_Udsub	1150	1250	1530	1184
630	Wy_PB1	WyNA_Udsub	2125	2200	PR8_HA	WyNA_Udsub	75	150	2163	107
631	Wy_PB1	WyNA_Udsub	1975	2075	PR8_HA	WyNA_Udsub	225	325	2028	277
632	Wy_PB1	WyNA_Udsub	1875	1975	PR8_HA	WyNA_Udsub	475	575	1925	535
633	Wy_PB1	WyNA_Udsub	2150	2225	PR8_HA	WyNA_Udsub	425	500	2178	454
634	Wy_PB1	WyNA_Udsub	2100	2175	PR8_HA	WyNA_Udsub	550	650	2125	589
635	Wy_PB1	WyNA_Udsub	1925	2000	PR8_HA	WyNA_Udsub	825	925	1968	874
636	Wy_PB1	WyNA_Udsub	1875	1950	PR8_HA	WyNA_Udsub	1125	1200	1913	1156
637	Wy_PB1	WyNA_Udsub	2200	2250	PR8_HA	WyNA_Udsub	1025	1100	2230	1051
638	Wy_PB1	WyNA_Udsub	1925	2025	PR8_HA	WyNA_Udsub	1625	1725	1976	1672
639	Wy_PB1	WyNA_Udsub	2100	2175	PR8_HA	WyNA_Udsub	1625	1725	2142	1666
640	Wy_PB1	WyNA_Udsub	100	200	PR8_M	WyNA_Udsub	175	250	150	216
641	Wy_PB1	WyNA_Udsub	100	175	PR8_M	WyNA_Udsub	375	475	150	420
642	Wy_PB1	WyNA_Udsub	225	325	PR8_M	WyNA_Udsub	350	475	275	419
643	Wy_PB1	WyNA_Udsub	300	375	PR8_M	WyNA_Udsub	500	600	345	549
644	Wy_PB1	WyNA_Udsub	50	125	PR8_M	WyNA_Udsub	575	675	77	605
645	Wy_PB1	WyNA_Udsub	125	175	PR8_M	WyNA_Udsub	575	675	141	627
646	Wy_PB1	WyNA_Udsub	200	250	PR8_M	WyNA_Udsub	575	650	224	623
647	Wy_PB1	WyNA_Udsub	175	250	PR8_M	WyNA_Udsub	725	800	213	759
648	Wy_PB1	WyNA_Udsub	5	67	PR8_M	WyNA_Udsub	900	1000	52	954
649	Wy_PB1	WyNA_Udsub	67	125	PR8_M	WyNA_Udsub	900	1000	67	952
650	Wy_PB1	WyNA_Udsub	175	250	PR8_M	WyNA_Udsub	875	975	216	916
651	Wy_PB1	WyNA_Udsub	250	350	PR8_M	WyNA_Udsub	875	975	310	916
652	Wy_PB1	WyNA_Udsub	550	625	PR8_M	WyNA_Udsub	25	100	591	64
653	Wy_PB1	WyNA_Udsub	500	550	PR8_M	WyNA_Udsub	100	200	528	146
654	Wy_PB1	WyNA_Udsub	400	500	PR8_M	WyNA_Udsub	125	200	461	158
655	Wy_PB1	WyNA_Udsub	400	500	PR8_M	WyNA_Udsub	350	450	444	403
656	Wy_PB1	WyNA_Udsub	425	475	PR8_M	WyNA_Udsub	600	675	451	629
657	Wy_PB1	WyNA_Udsub	425	475	PR8_M	WyNA_Udsub	725	800	451	758
658	Wy_PB1	WyNA_Udsub	725	825	PR8_M	WyNA_Udsub	25	100	777	70
659	Wy_PB1	WyNA_Udsub	675	750	PR8_M	WyNA_Udsub	450	550	713	504
660	Wy_PB1	WyNA_Udsub	575	625	PR8_M	WyNA_Udsub	825	875	614	850
661	Wy_PB1	WyNA_Udsub	650	750	PR8_M	WyNA_Udsub	750	825	702	787
662	Wy_PB1	WyNA_Udsub	825	900	PR8_M	WyNA_Udsub	375	450	876	408
663	Wy_PB1	WyNA_Udsub	1200	1300	PR8_M	WyNA_Udsub	25	100	1247	72
664	Wy_PB1	WyNA_Udsub	1100	1175	PR8_M	WyNA_Udsub	150	250	1128	212
665	Wy_PB1	WyNA_Udsub	1000	1075	PR8_M	WyNA_Udsub	375	450	1034	423
666	Wy_PB1	WyNA_Udsub	1175	1250	PR8_M	WyNA_Udsub	375	475	1216	419
667	Wy_PB1	WyNA_Udsub	1250	1325	PR8_M	WyNA_Udsub	475	525	1287	497
668	Wy_PB1	WyNA_Udsub	1000	1100	PR8_M	WyNA_Udsub	525	625	1055	552
669	Wy_PB1	WyNA_Udsub	1100	1175	PR8_M	WyNA_Udsub	600	675	1147	638
670	Wy_PB1	WyNA_Udsub	1125	1200	PR8_M	WyNA_Udsub	700	775	1155	734
671	Wy_PB1	WyNA_Udsub	1000	1075	PR8_M	WyNA_Udsub	725	825	1041	764
672	Wy_PB1	WyNA_Udsub	925	1000	PR8_M	WyNA_Udsub	875	975	968	926
673	Wy_PB1	WyNA_Udsub	1175	1250	PR8_M	WyNA_Udsub	875	950	1217	917
674	Wy_PB1	WyNA_Udsub	1400	1475	PR8_M	WyNA_Udsub	25	125	1429	71
675	Wy_PB1	WyNA_Udsub	1350	1425	PR8_M	WyNA_Udsub	350	450	1387	396
676	Wy_PB1	WyNA_Udsub	1400	1475	PR8_M	WyNA_Udsub	467	550	1443	494
677	Wy_PB1	WyNA_Udsub	1525	1625	PR8_M	WyNA_Udsub	375	450	1585	412
678	Wy_PB1	WyNA_Udsub	1325	1400	PR8_M	WyNA_Udsub	600	675	1360	614
679	Wy_PB1	WyNA_Udsub	1400	1475	PR8_M	WyNA_Udsub	700	775	1432	741
680	Wy_PB1	WyNA_Udsub	1325	1400	PR8_M	WyNA_Udsub	900	975	1370	928
681	Wy_PB1	WyNA_Udsub	1675	1775	PR8_M	WyNA_Udsub	50	125	1732	72
682	Wy_PB1	WyNA_Udsub	1800	1900	PR8_M	WyNA_Udsub	50	137	1861	82
683	Wy_PB1	WyNA_Udsub	1875	1950	PR8_M	WyNA_Udsub	137	250	1913	198
684	Wy_PB1	WyNA_Udsub	1925	2025	PR8_M	WyNA_Udsub	375	475	1969	425
685	Wy_PB1	WyNA_Udsub	1625	1675	PR8_M	WyNA_Udsub	600	667	1654	650
686	Wy_PB1	WyNA_Udsub	1625	1700	PR8_M	WyNA_Udsub	667	750	1663	684
687	Wy_PB1	WyNA_Udsub	1712	1775	PR8_M	WyNA_Udsub	700	775	1734	721
688	Wy_PB1	WyNA_Udsub	1850	1900	PR8_M	WyNA_Udsub	675	725	1877	698
689	Wy_PB1	WyNA_Udsub	1925	1987	PR8_M	WyNA_Udsub	550	650	1958	582
690	Wy_PB1	WyNA_Udsub	1975	2050	PR8_M	WyNA_Udsub	725	825	2014	774
691	Wy_PB1	WyNA_Udsub	2025	2125	PR8_M	WyNA_Udsub	50	125	2073	72
692	Wy_PB1	WyNA_Udsub	2100	2200	PR8_M	WyNA_Udsub	150	225	2141	183
693	Wy_PB1	WyNA_Udsub	2100	2200	PR8_M	WyNA_Udsub	450	550	2150	505
694	Wy_PB1	WyNA_Udsub	2100	2150	PR8_M	WyNA_Udsub	900	975	2126	930
695	Wy_PB1	WyNA_Udsub	150	225	Wy_NA	WyNA_Udsub	75	125	181	122
696	Wy_PB1	WyNA_Udsub	50	100	Wy_NA	WyNA_Udsub	125	200	91	172
697	Wy_PB1	WyNA_Udsub	150	200	Wy_NA	WyNA_Udsub	125	200	182	153
698	Wy_PB1	WyNA_Udsub	175	250	Wy_NA	WyNA_Udsub	200	275	210	243
699	Wy_PB1	WyNA_Udsub	125	187	Wy_NA	WyNA_Udsub	475	550	166	515
700	Wy_PB1	WyNA_Udsub	187	250	Wy_NA	WyNA_Udsub	475	550	216	509
701	Wy_PB1	WyNA_Udsub	75	125	Wy_NA	WyNA_Udsub	550	625	120	586
702	Wy_PB1	WyNA_Udsub	50	125	Wy_NA	WyNA_Udsub	675	775	91	740
703	Wy_PB1	WyNA_Udsub	200	275	Wy_NA	WyNA_Udsub	650	725	246	685
704	Wy_PB1	WyNA_Udsub	275	350	Wy_NA	WyNA_Udsub	725	800	319	750
705	Wy_PB1	WyNA_Udsub	125	175	Wy_NA	WyNA_Udsub	825	925	159	878
706	Wy_PB1	WyNA_Udsub	175	250	Wy_NA	WyNA_Udsub	825	900	175	877
707	Wy_PB1	WyNA_Udsub	125	200	Wy_NA	WyNA_Udsub	950	1000	164	967
708	Wy_PB1	WyNA_Udsub	50	125	Wy_NA	WyNA_Udsub	1000	1075	90	1056
709	Wy_PB1	WyNA_Udsub	125	175	Wy_NA	WyNA_Udsub	1025	1100	150	1079
710	Wy_PB1	WyNA_Udsub	200	250	Wy_NA	WyNA_Udsub	1025	1100	240	1049
711	Wy_PB1	WyNA_Udsub	275	350	Wy_NA	WyNA_Udsub	1050	1150	323	1100
712	Wy_PB1	WyNA_Udsub	125	200	Wy_NA	WyNA_Udsub	1150	1200	171	1187
713	Wy_PB1	WyNA_Udsub	125	200	Wy_NA	WyNA_Udsub	1225	1300	160	1250
714	Wy_PB1	WyNA_Udsub	200	250	Wy_NA	WyNA_Udsub	1225	1300	226	1288
715	Wy_PB1	WyNA_Udsub	50	125	Wy_NA	WyNA_Udsub	1325	1400	91	1355
716	Wy_PB1	WyNA_Udsub	125	175	Wy_NA	WyNA_Udsub	1325	1400	168	1366
717	Wy_PB1	WyNA_Udsub	200	275	Wy_NA	WyNA_Udsub	1325	1400	247	1371
718	Wy_PB1	WyNA_Udsub	375	425	Wy_NA	WyNA_Udsub	1350	1400	402	1366
719	Wy_PB1	WyNA_Udsub	475	550	Wy_NA	WyNA_Udsub	75	150	512	105
720	Wy_PB1	WyNA_Udsub	300	350	Wy_NA	WyNA_Udsub	300	375	323	356
721	Wy_PB1	WyNA_Udsub	450	525	Wy_NA	WyNA_Udsub	350	425	503	393
722	Wy_PB1	WyNA_Udsub	525	625	Wy_NA	WyNA_Udsub	500	600	575	544
723	Wy_PB1	WyNA_Udsub	500	600	Wy_NA	WyNA_Udsub	825	925	560	872
724	Wy_PB1	WyNA_Udsub	400	475	Wy_NA	WyNA_Udsub	1200	1275	437	1241
725	Wy_PB1	WyNA_Udsub	875	950	Wy_NA	WyNA_Udsub	50	125	904	97
726	Wy_PB1	WyNA_Udsub	750	825	Wy_NA	WyNA_Udsub	125	200	779	152
727	Wy_PB1	WyNA_Udsub	825	875	Wy_NA	WyNA_Udsub	125	200	847	155
728	Wy_PB1	WyNA_Udsub	875	950	Wy_NA	WyNA_Udsub	150	225	923	179
729	Wy_PB1	WyNA_Udsub	725	775	Wy_NA	WyNA_Udsub	375	450	755	409
730	Wy_PB1	WyNA_Udsub	875	950	Wy_NA	WyNA_Udsub	325	425	905	388
731	Wy_PB1	WyNA_Udsub	775	825	Wy_NA	WyNA_Udsub	600	650	802	631
732	Wy_PB1	WyNA_Udsub	875	950	Wy_NA	WyNA_Udsub	525	625	917	568
733	Wy_PB1	WyNA_Udsub	675	750	Wy_NA	WyNA_Udsub	1225	1325	709	1272
734	Wy_PB1	WyNA_Udsub	775	850	Wy_NA	WyNA_Udsub	1400	1455	813	1429
735	Wy_PB1	WyNA_Udsub	875	950	Wy_NA	WyNA_Udsub	1275	1400	915	1329
736	Wy_PB1	WyNA_Udsub	900	960	Wy_NA	WyNA_Udsub	925	1025	935	970
737	Wy_PB1	WyNA_Udsub	1000	1100	Wy_NA	WyNA_Udsub	500	575	1069	528
738	Wy_PB1	WyNA_Udsub	1100	1175	Wy_NA	WyNA_Udsub	525	612	1132	596
739	Wy_PB1	WyNA_Udsub	1100	1175	Wy_NA	WyNA_Udsub	612	675	1130	612
740	Wy_PB1	WyNA_Udsub	1000	1075	Wy_NA	WyNA_Udsub	725	787	1040	762
741	Wy_PB1	WyNA_Udsub	1000	1075	Wy_NA	WyNA_Udsub	787	875	1047	832
742	Wy_PB1	WyNA_Udsub	975	1075	Wy_NA	WyNA_Udsub	925	1025	1039	981
743	Wy_PB1	WyNA_Udsub	1000	1075	Wy_NA	WyNA_Udsub	1087	1175	1036	1134
744	Wy_PB1	WyNA_Udsub	1175	1250	Wy_NA	WyNA_Udsub	125	225	1228	176
745	Wy_PB1	WyNA_Udsub	1300	1350	Wy_NA	WyNA_Udsub	125	200	1301	174
746	Wy_PB1	WyNA_Udsub	1375	1450	Wy_NA	WyNA_Udsub	50	125	1443	103
747	Wy_PB1	WyNA_Udsub	1500	1575	Wy_NA	WyNA_Udsub	50	112	1527	102
748	Wy_PB1	WyNA_Udsub	1450	1550	Wy_NA	WyNA_Udsub	112	200	1509	144
749	Wy_PB1	WyNA_Udsub	1175	1225	Wy_NA	WyNA_Udsub	350	400	1209	378
750	Wy_PB1	WyNA_Udsub	1200	1275	Wy_NA	WyNA_Udsub	1200	1275	1200	1247
751	Wy_PB1	WyNA_Udsub	1125	1175	Wy_NA	WyNA_Udsub	775	825	1157	790
752	Wy_PB1	WyNA_Udsub	1450	1525	Wy_NA	WyNA_Udsub	425	500	1492	457
753	Wy_PB1	WyNA_Udsub	1400	1475	Wy_NA	WyNA_Udsub	525	600	1455	567
754	Wy_PB1	WyNA_Udsub	1500	1575	Wy_NA	WyNA_Udsub	525	600	1509	567
755	Wy_PB1	WyNA_Udsub	1600	1675	Wy_NA	WyNA_Udsub	525	600	1646	551
756	Wy_PB1	WyNA_Udsub	1625	1700	Wy_NA	WyNA_Udsub	600	675	1667	645
757	Wy_PB1	WyNA_Udsub	1325	1375	Wy_NA	WyNA_Udsub	850	925	1354	878
758	Wy_PB1	WyNA_Udsub	1375	1450	Wy_NA	WyNA_Udsub	850	925	1412	872
759	Wy_PB1	WyNA_Udsub	1325	1400	Wy_NA	WyNA_Udsub	1125	1200	1365	1159
760	Wy_PB1	WyNA_Udsub	1325	1400	Wy_NA	WyNA_Udsub	1200	1275	1364	1231
761	Wy_PB1	WyNA_Udsub	1400	1450	Wy_NA	WyNA_Udsub	1200	1275	1433	1231
762	Wy_PB1	WyNA_Udsub	1500	1600	Wy_NA	WyNA_Udsub	975	1050	1552	1015
763	Wy_PB1	WyNA_Udsub	1600	1675	Wy_NA	WyNA_Udsub	1150	1225	1645	1167
764	Wy_PB1	WyNA_Udsub	1675	1750	Wy_NA	WyNA_Udsub	1325	1400	1708	1365
765	Wy_PB1	WyNA_Udsub	1750	1825	Wy_NA	WyNA_Udsub	50	125	1805	124
766	Wy_PB1	WyNA_Udsub	1825	1900	Wy_NA	WyNA_Udsub	100	200	1862	153
767	Wy_PB1	WyNA_Udsub	1775	1825	Wy_NA	WyNA_Udsub	125	200	1807	153
768	Wy_PB1	WyNA_Udsub	1825	1900	Wy_NA	WyNA_Udsub	225	275	1852	263
769	Wy_PB1	WyNA_Udsub	2000	2075	Wy_NA	WyNA_Udsub	50	175	2074	104
770	Wy_PB1	WyNA_Udsub	2087	2150	Wy_NA	WyNA_Udsub	50	175	2137	105
771	Wy_PB1	WyNA_Udsub	2150	2225	Wy_NA	WyNA_Udsub	50	175	2150	103
772	Wy_PB1	WyNA_Udsub	1975	2075	Wy_NA	WyNA_Udsub	475	600	2027	535
773	Wy_PB1	WyNA_Udsub	2200	2250	Wy_NA	WyNA_Udsub	525	600	2230	556
774	Wy_PB1	WyNA_Udsub	1975	2050	Wy_NA	WyNA_Udsub	667	750	2027	699
775	Wy_PB1	WyNA_Udsub	1900	1950	Wy_NA	WyNA_Udsub	725	800	1921	754
776	Wy_PB1	WyNA_Udsub	2050	2100	Wy_NA	WyNA_Udsub	850	900	2079	864
777	Wy_PB1	WyNA_Udsub	1925	1975	Wy_NA	WyNA_Udsub	925	1000	1953	957
778	Wy_PB1	WyNA_Udsub	1800	1875	Wy_NA	WyNA_Udsub	1075	1175	1842	1105
779	Wy_PB1	WyNA_Udsub	1875	1925	Wy_NA	WyNA_Udsub	1075	1125	1913	1099
780	Wy_PB1	WyNA_Udsub	1925	2000	Wy_NA	WyNA_Udsub	1050	1100	1968	1075
781	Wy_PB1	WyNA_Udsub	2000	2100	Wy_NA	WyNA_Udsub	1025	1100	2017	1075
782	Wy_PB1	WyNA_Udsub	1925	2000	Wy_NA	WyNA_Udsub	1350	1450	1964	1400
783	Wy_PB1	WyNA_Udsub	2050	2150	Wy_NA	WyNA_Udsub	1325	1425	2099	1374
784	Wy_PB1	WyNA_Udsub	2175	2225	Wy_NA	WyNA_Udsub	1225	1325	2197	1273
785	Wy_PB1	WyNA_Udsub	2237	2300	Wy_NA	WyNA_Udsub	1312	1387	2237	1384
786	Wy_PB1	WyNA_Udsub	50	125	PR8_NP	WyNA_Udsub	300	375	99	330
787	Wy_PB1	WyNA_Udsub	50	125	PR8_NP	WyNA_Udsub	575	650	89	612
788	Wy_PB1	WyNA_Udsub	125	187	PR8_NP	WyNA_Udsub	525	600	166	558
789	Wy_PB1	WyNA_Udsub	187	250	PR8_NP	WyNA_Udsub	525	600	211	586
790	Wy_PB1	WyNA_Udsub	200	250	PR8_NP	WyNA_Udsub	600	675	217	618
791	Wy_PB1	WyNA_Udsub	25	125	PR8_NP	WyNA_Udsub	750	825	65	783
792	Wy_PB1	WyNA_Udsub	100	175	PR8_NP	WyNA_Udsub	850	925	134	878
793	Wy_PB1	WyNA_Udsub	50	150	PR8_NP	WyNA_Udsub	1200	1275	106	1229
794	Wy_PB1	WyNA_Udsub	200	275	PR8_NP	WyNA_Udsub	1150	1250	234	1191
795	Wy_PB1	WyNA_Udsub	475	550	PR8_NP	WyNA_Udsub	267	325	527	280
796	Wy_PB1	WyNA_Udsub	400	475	PR8_NP	WyNA_Udsub	400	475	439	435
797	Wy_PB1	WyNA_Udsub	425	500	PR8_NP	WyNA_Udsub	550	650	456	593
798	Wy_PB1	WyNA_Udsub	400	500	PR8_NP	WyNA_Udsub	1000	1100	442	1054
799	Wy_PB1	WyNA_Udsub	475	550	PR8_NP	WyNA_Udsub	1100	1175	510	1147
800	Wy_PB1	WyNA_Udsub	550	650	PR8_NP	WyNA_Udsub	525	600	598	560
801	Wy_PB1	WyNA_Udsub	675	737	PR8_NP	WyNA_Udsub	525	600	716	558
802	Wy_PB1	WyNA_Udsub	737	800	PR8_NP	WyNA_Udsub	500	600	756	545
803	Wy_PB1	WyNA_Udsub	900	967	PR8_NP	WyNA_Udsub	150	250	934	202
804	Wy_PB1	WyNA_Udsub	875	950	PR8_NP	WyNA_Udsub	500	575	927	536
805	Wy_PB1	WyNA_Udsub	750	825	PR8_NP	WyNA_Udsub	1150	1225	784	1176
806	Wy_PB1	WyNA_Udsub	1000	1075	PR8_NP	WyNA_Udsub	400	475	1042	435
807	Wy_PB1	WyNA_Udsub	1075	1150	PR8_NP	WyNA_Udsub	625	700	1127	654
808	Wy_PB1	WyNA_Udsub	1325	1400	PR8_NP	WyNA_Udsub	75	175	1359	132
809	Wy_PB1	WyNA_Udsub	1200	1275	PR8_NP	WyNA_Udsub	250	350	1244	294
810	Wy_PB1	WyNA_Udsub	1200	1275	PR8_NP	WyNA_Udsub	500	575	1241	542
811	Wy_PB1	WyNA_Udsub	1300	1400	PR8_NP	WyNA_Udsub	450	537	1356	503
812	Wy_PB1	WyNA_Udsub	1300	1400	PR8_NP	WyNA_Udsub	537	600	1356	567
813	Wy_PB1	WyNA_Udsub	1075	1175	PR8_NP	WyNA_Udsub	1200	1300	1134	1253
814	Wy_PB1	WyNA_Udsub	1325	1400	PR8_NP	WyNA_Udsub	75	175	1359	132
815	Wy_PB1	WyNA_Udsub	1300	1400	PR8_NP	WyNA_Udsub	1175	1275	1356	1202
816	Wy_PB1	WyNA_Udsub	1400	1475	PR8_NP	WyNA_Udsub	1100	1200	1443	1145
817	Wy_PB1	WyNA_Udsub	1650	1750	PR8_NP	WyNA_Udsub	25	100	1702	70
818	Wy_PB1	WyNA_Udsub	1525	1625	PR8_NP	WyNA_Udsub	150	250	1565	215
819	Wy_PB1	WyNA_Udsub	1725	1825	PR8_NP	WyNA_Udsub	175	275	1764	227
820	Wy_PB1	WyNA_Udsub	1500	1600	PR8_NP	WyNA_Udsub	400	500	1550	452
821	Wy_PB1	WyNA_Udsub	1625	1725	PR8_NP	WyNA_Udsub	550	625	1667	588
822	Wy_PB1	WyNA_Udsub	1525	1600	PR8_NP	WyNA_Udsub	975	1050	1569	1011
823	Wy_PB1	WyNA_Udsub	1500	1600	PR8_NP	WyNA_Udsub	1125	1225	1551	1193
824	Wy_PB1	WyNA_Udsub	1500	1600	PR8_NP	WyNA_Udsub	1225	1300	1557	1266
825	Wy_PB1	WyNA_Udsub	1500	1600	PR8_NP	WyNA_Udsub	1300	1350	1560	1309
826	Wy_PB1	WyNA_Udsub	1725	1825	PR8_NP	WyNA_Udsub	825	900	1783	870
827	Wy_PB1	WyNA_Udsub	1950	2050	PR8_NP	WyNA_Udsub	400	500	2005	438
828	Wy_PB1	WyNA_Udsub	2200	2275	PR8_NP	WyNA_Udsub	325	400	2241	368
829	Wy_PB1	WyNA_Udsub	2150	2225	PR8_NP	WyNA_Udsub	550	625	2187	578
830	Wy_PB1	WyNA_Udsub	2225	2300	PR8_NP	WyNA_Udsub	575	675	2241	604
831	Wy_PB1	WyNA_Udsub	2000	2075	PR8_NP	WyNA_Udsub	750	825	2027	781
832	Wy_PB1	WyNA_Udsub	1850	1950	PR8_NP	WyNA_Udsub	1075	1175	1907	1121
833	Wy_PB1	WyNA_Udsub	2000	2075	PR8_NP	WyNA_Udsub	1150	1250	2024	1183
834	Wy_PB1	WyNA_Udsub	1875	1975	PR8_NP	WyNA_Udsub	1300	1375	1923	1326
835	Wy_PB1	WyNA_Udsub	2150	2225	PR8_NP	WyNA_Udsub	1200	1300	2192	1255
836	Wy_PB1	WyNA_Udsub	1375	1500	PR8_NP	WyNA_Udsub	825	925	1428	868
837	Wy_PB1	WyNA_Udsub	100	175	PR8_NS	WyNA_Udsub	75	150	141	115
838	Wy_PB1	WyNA_Udsub	175	250	PR8_NS	WyNA_Udsub	75	150	207	113
839	Wy_PB1	WyNA_Udsub	100	175	PR8_NS	WyNA_Udsub	300	375	148	338
840	Wy_PB1	WyNA_Udsub	25	100	PR8_NS	WyNA_Udsub	675	725	52	707
841	Wy_PB1	WyNA_Udsub	250	325	PR8_NS	WyNA_Udsub	500	550	291	529
842	Wy_PB1	WyNA_Udsub	500	550	PR8_NS	WyNA_Udsub	275	350	528	312
843	Wy_PB1	WyNA_Udsub	425	500	PR8_NS	WyNA_Udsub	525	600	452	558
844	Wy_PB1	WyNA_Udsub	800	850	PR8_NS	WyNA_Udsub	25	100	826	53
845	Wy_PB1	WyNA_Udsub	625	675	PR8_NS	WyNA_Udsub	475	575	654	521
846	Wy_PB1	WyNA_Udsub	1125	1175	PR8_NS	WyNA_Udsub	675	750	1153	709
847	Wy_PB1	WyNA_Udsub	1525	1575	PR8_NS	WyNA_Udsub	75	150	1553	111
848	Wy_PB1	WyNA_Udsub	1400	1475	PR8_NS	WyNA_Udsub	300	400	1434	347
849	Wy_PB1	WyNA_Udsub	1550	1625	PR8_NS	WyNA_Udsub	300	375	1593	339
850	Wy_PB1	WyNA_Udsub	1325	1400	PR8_NS	WyNA_Udsub	550	625	1354	579
851	Wy_PB1	WyNA_Udsub	1525	1600	PR8_NS	WyNA_Udsub	625	725	1565	671
852	Wy_PB1	WyNA_Udsub	1925	2000	PR8_NS	WyNA_Udsub	150	225	1966	188
853	Wy_PB1	WyNA_Udsub	2125	2225	PR8_NS	WyNA_Udsub	225	325	2179	273
854	Wy_PB1	WyNA_Udsub	75	137	PR8_PA	WyNA_Udsub	50	150	109	104
855	Wy_PB1	WyNA_Udsub	225	300	PR8_PA	WyNA_Udsub	125	175	261	144
856	Wy_PB1	WyNA_Udsub	300	375	PR8_PA	WyNA_Udsub	175	225	345	194
857	Wy_PB1	WyNA_Udsub	525	625	PR8_PA	WyNA_Udsub	75	150	579	101
858	Wy_PB1	WyNA_Udsub	100	175	PR8_PA	WyNA_Udsub	825	900	143	852
859	Wy_PB1	WyNA_Udsub	300	375	PR8_PA	WyNA_Udsub	925	1000	343	957
860	Wy_PB1	WyNA_Udsub	450	550	PR8_PA	WyNA_Udsub	812	887	509	850
861	Wy_PB1	WyNA_Udsub	300	375	PR8_PA	WyNA_Udsub	1225	1325	346	1267
862	Wy_PB1	WyNA_Udsub	375	475	PR8_PA	WyNA_Udsub	1425	1500	432	1464
863	Wy_PB1	WyNA_Udsub	75	125	PR8_PA	WyNA_Udsub	1525	1600	109	1560
864	Wy_PB1	WyNA_Udsub	275	325	PR8_PA	WyNA_Udsub	1650	1725	303	1688
865	Wy_PB1	WyNA_Udsub	75	125	PR8_PA	WyNA_Udsub	1850	1925	110	1889
866	Wy_PB1	WyNA_Udsub	75	125	PR8_PA	WyNA_Udsub	1950	2025	99	1988
867	Wy_PB1	WyNA_Udsub	225	300	PR8_PA	WyNA_Udsub	1950	2025	275	1978
868	Wy_PB1	WyNA_Udsub	525	600	PR8_PA	WyNA_Udsub	1950	2012	565	1985
869	Wy_PB1	WyNA_Udsub	475	550	PR8_PA	WyNA_Udsub	2125	2200	527	2154
870	Wy_PB1	WyNA_Udsub	775	850	PR8_PA	WyNA_Udsub	75	150	832	113
871	Wy_PB1	WyNA_Udsub	875	950	PR8_PA	WyNA_Udsub	50	125	927	100
872	Wy_PB1	WyNA_Udsub	975	1050	PR8_PA	WyNA_Udsub	50	125	1014	86
873	Wy_PB1	WyNA_Udsub	1100	1175	PR8_PA	WyNA_Udsub	75	150	1139	106
874	Wy_PB1	WyNA_Udsub	1000	1075	PR8_PA	WyNA_Udsub	925	1000	1055	968
875	Wy_PB1	WyNA_Udsub	875	950	PR8_PA	WyNA_Udsub	1600	1700	913	1648
876	Wy_PB1	WyNA_Udsub	650	725	PR8_PA	WyNA_Udsub	2000	2075	687	2035
877	Wy_PB1	WyNA_Udsub	725	800	PR8_PA	WyNA_Udsub	2100	2175	761	2129
878	Wy_PB1	WyNA_Udsub	1350	1450	PR8_PA	WyNA_Udsub	75	150	1428	113
879	Wy_PB1	WyNA_Udsub	1475	1575	PR8_PA	WyNA_Udsub	37	125	1509	86
880	Wy_PB1	WyNA_Udsub	1500	1575	PR8_PA	WyNA_Udsub	450	575	1533	513
881	Wy_PB1	WyNA_Udsub	1325	1400	PR8_PA	WyNA_Udsub	700	800	1370	754
882	Wy_PB1	WyNA_Udsub	1475	1550	PR8_PA	WyNA_Udsub	725	800	1507	773
883	Wy_PB1	WyNA_Udsub	1500	1600	PR8_PA	WyNA_Udsub	800	875	1536	834
884	Wy_PB1	WyNA_Udsub	1312	1400	PR8_PA	WyNA_Udsub	925	1025	1355	970
885	Wy_PB1	WyNA_Udsub	1650	1725	PR8_PA	WyNA_Udsub	1125	1200	1688	1165
886	Wy_PB1	WyNA_Udsub	1525	1625	PR8_PA	WyNA_Udsub	1925	2075	1584	2000
887	Wy_PB1	WyNA_Udsub	2067	2175	PR8_PA	WyNA_Udsub	87	167	2107	133
888	Wy_PB1	WyNA_Udsub	1825	1925	PR8_PA	WyNA_Udsub	625	725	1886	684
889	Wy_PB1	WyNA_Udsub	2100	2225	PR8_PA	WyNA_Udsub	775	875	2168	835
890	Wy_PB1	WyNA_Udsub	2100	2175	PR8_PA	WyNA_Udsub	1450	1550	2137	1501
891	Wy_PB1	WyNA_Udsub	2175	2275	PR8_PA	WyNA_Udsub	1975	2100	2230	2027
892	PR8_PB2	WyNA_Udsub	675	775	PR8_HA	WyNA_Udsub	75	150	714	122
893	PR8_PB2	WyNA_Udsub	650	750	PR8_HA	WyNA_Udsub	150	225	705	182
894	PR8_PB2	WyNA_Udsub	700	800	PR8_HA	WyNA_Udsub	425	550	746	486
895	PR8_PB2	WyNA_Udsub	625	700	PR8_HA	WyNA_Udsub	725	825	683	776
896	PR8_PB2	WyNA_Udsub	225	325	PR8_HA	WyNA_Udsub	825	925	280	875
897	PR8_PB2	WyNA_Udsub	725	825	PR8_HA	WyNA_Udsub	825	925	780	881
898	PR8_PB2	WyNA_Udsub	725	800	PR8_HA	WyNA_Udsub	925	1000	767	953
899	PR8_PB2	WyNA_Udsub	400	475	PR8_HA	WyNA_Udsub	1100	1200	426	1150
900	PR8_PB2	WyNA_Udsub	325	400	PR8_HA	WyNA_Udsub	1300	1375	368	1330
901	PR8_PB2	WyNA_Udsub	375	475	PR8_HA	WyNA_Udsub	1525	1600	425	1571
902	PR8_PB2	WyNA_Udsub	675	775	PR8_HA	WyNA_Udsub	1212	1275	728	1244
903	PR8_PB2	WyNA_Udsub	700	775	PR8_HA	WyNA_Udsub	1500	1600	734	1555
904	PR8_PB2	WyNA_Udsub	825	900	PR8_HA	WyNA_Udsub	1650	1725	853	1699
905	PR8_PB2	WyNA_Udsub	850	925	PR8_HA	WyNA_Udsub	800	875	894	835
906	PR8_PB2	WyNA_Udsub	1075	1150	PR8_HA	WyNA_Udsub	75	150	1118	108
907	PR8_PB2	WyNA_Udsub	1200	1300	PR8_HA	WyNA_Udsub	75	150	1234	110
908	PR8_PB2	WyNA_Udsub	1200	1300	PR8_HA	WyNA_Udsub	150	225	1252	183
909	PR8_PB2	WyNA_Udsub	1200	1275	PR8_HA	WyNA_Udsub	425	500	1230	455
910	PR8_PB2	WyNA_Udsub	975	1075	PR8_HA	WyNA_Udsub	625	700	1030	672
911	PR8_PB2	WyNA_Udsub	1225	1300	PR8_HA	WyNA_Udsub	825	925	1274	877
912	PR8_PB2	WyNA_Udsub	1275	1375	PR8_HA	WyNA_Udsub	1275	1375	1328	1317
913	PR8_PB2	WyNA_Udsub	1125	1200	PR8_HA	WyNA_Udsub	1625	1700	1164	1659
914	PR8_PB2	WyNA_Udsub	1525	1625	PR8_HA	WyNA_Udsub	125	225	1579	183
915	PR8_PB2	WyNA_Udsub	1450	1525	PR8_HA	WyNA_Udsub	525	600	1478	556
916	PR8_PB2	WyNA_Udsub	1375	1475	PR8_HA	WyNA_Udsub	1025	1125	1432	1083
917	PR8_PB2	WyNA_Udsub	1825	1925	PR8_HA	WyNA_Udsub	550	650	1882	601
918	PR8_PB2	WyNA_Udsub	1950	2050	PR8_HA	WyNA_Udsub	650	750	1989	714
919	PR8_PB2	WyNA_Udsub	2125	2225	PR8_HA	WyNA_Udsub	1600	1700	2165	1657
920	PR8_PB2	WyNA_Udsub	125	200	PR8_M	WyNA_Udsub	650	750	161	707
921	PR8_PB2	WyNA_Udsub	450	550	PR8_M	WyNA_Udsub	50	125	502	97
922	PR8_PB2	WyNA_Udsub	725	825	PR8_M	WyNA_Udsub	25	100	771	78
923	PR8_PB2	WyNA_Udsub	700	800	PR8_M	WyNA_Udsub	375	450	748	449
924	PR8_PB2	WyNA_Udsub	700	775	PR8_M	WyNA_Udsub	450	550	748	500
925	PR8_PB2	WyNA_Udsub	775	850	PR8_M	WyNA_Udsub	750	850	814	792
926	PR8_PB2	WyNA_Udsub	1225	1325	PR8_M	WyNA_Udsub	137	225	1274	189
927	PR8_PB2	WyNA_Udsub	1425	1500	PR8_M	WyNA_Udsub	450	550	1469	496
928	PR8_PB2	WyNA_Udsub	1200	1275	PR8_M	WyNA_Udsub	700	775	1248	741
929	PR8_PB2	WyNA_Udsub	1675	1775	PR8_M	WyNA_Udsub	375	500	1723	443
930	PR8_PB2	WyNA_Udsub	2100	2175	PR8_M	WyNA_Udsub	675	750	2150	707
931	PR8_PB2	WyNA_Udsub	175	275	Wy_NA	WyNA_Udsub	25	150	224	72
932	PR8_PB2	WyNA_Udsub	300	375	Wy_NA	WyNA_Udsub	625	700	339	670
933	PR8_PB2	WyNA_Udsub	150	250	Wy_NA	WyNA_Udsub	825	925	213	866
934	PR8_PB2	WyNA_Udsub	50	125	Wy_NA	WyNA_Udsub	1025	1125	99	1061
935	PR8_PB2	WyNA_Udsub	275	375	Wy_NA	WyNA_Udsub	1125	1225	335	1182
936	PR8_PB2	WyNA_Udsub	725	825	Wy_NA	WyNA_Udsub	25	100	770	90
937	PR8_PB2	WyNA_Udsub	750	825	Wy_NA	WyNA_Udsub	175	275	793	232
938	PR8_PB2	WyNA_Udsub	700	775	Wy_NA	WyNA_Udsub	400	475	727	441
939	PR8_PB2	WyNA_Udsub	675	775	Wy_NA	WyNA_Udsub	600	675	723	643
940	PR8_PB2	WyNA_Udsub	700	787	Wy_NA	WyNA_Udsub	675	750	732	704
941	PR8_PB2	WyNA_Udsub	812	875	Wy_NA	WyNA_Udsub	725	825	847	774
942	PR8_PB2	WyNA_Udsub	700	775	Wy_NA	WyNA_Udsub	812	900	747	851
943	PR8_PB2	WyNA_Udsub	700	800	Wy_NA	WyNA_Udsub	975	1075	764	1018
944	PR8_PB2	WyNA_Udsub	850	925	Wy_NA	WyNA_Udsub	1325	1400	882	1362
945	PR8_PB2	WyNA_Udsub	1175	1275	Wy_NA	WyNA_Udsub	25	112	1224	84
946	PR8_PB2	WyNA_Udsub	1325	1425	Wy_NA	WyNA_Udsub	100	200	1380	152
947	PR8_PB2	WyNA_Udsub	1250	1325	Wy_NA	WyNA_Udsub	450	525	1296	490
948	PR8_PB2	WyNA_Udsub	1100	1200	Wy_NA	WyNA_Udsub	1225	1325	1164	1268
949	PR8_PB2	WyNA_Udsub	1625	1700	Wy_NA	WyNA_Udsub	175	275	1669	226
950	PR8_PB2	WyNA_Udsub	1950	2025	Wy_NA	WyNA_Udsub	200	300	1988	255
951	PR8_PB2	WyNA_Udsub	2175	2250	Wy_NA	WyNA_Udsub	200	300	2225	234
952	PR8_PB2	WyNA_Udsub	1850	1950	Wy_NA	WyNA_Udsub	1050	1150	1888	1105
953	PR8_PB2	WyNA_Udsub	1867	1950	Wy_NA	WyNA_Udsub	1237	1337	1903	1296
954	PR8_PB2	WyNA_Udsub	100	200	PR8_NP	WyNA_Udsub	250	350	165	300
955	PR8_PB2	WyNA_Udsub	75	200	PR8_NP	WyNA_Udsub	825	925	144	882
956	PR8_PB2	WyNA_Udsub	50	150	PR8_NP	WyNA_Udsub	1150	1275	112	1213
957	PR8_PB2	WyNA_Udsub	750	850	PR8_NP	WyNA_Udsub	175	275	811	226
958	PR8_PB2	WyNA_Udsub	700	775	PR8_NP	WyNA_Udsub	475	575	755	536
959	PR8_PB2	WyNA_Udsub	875	950	PR8_NP	WyNA_Udsub	825	925	931	870
960	PR8_PB2	WyNA_Udsub	700	775	PR8_NP	WyNA_Udsub	975	1075	748	1023
961	PR8_PB2	WyNA_Udsub	675	775	PR8_NP	WyNA_Udsub	1100	1200	719	1181
962	PR8_PB2	WyNA_Udsub	600	700	PR8_NP	WyNA_Udsub	1200	1300	664	1258
963	PR8_PB2	WyNA_Udsub	1325	1425	PR8_NP	WyNA_Udsub	500	600	1384	558
964	PR8_PB2	WyNA_Udsub	1175	1275	PR8_NP	WyNA_Udsub	1225	1325	1245	1261
965	PR8_PB2	WyNA_Udsub	1975	2050	PR8_NP	WyNA_Udsub	275	375	1994	337
966	PR8_PB2	WyNA_Udsub	2100	2175	PR8_NP	WyNA_Udsub	400	475	2156	441
967	PR8_PB2	WyNA_Udsub	1875	1950	PR8_NP	WyNA_Udsub	875	950	1901	923
968	PR8_PB2	WyNA_Udsub	2125	2200	PR8_NP	WyNA_Udsub	825	900	2169	859
969	PR8_PB2	WyNA_Udsub	2200	2300	PR8_NP	WyNA_Udsub	825	925	2266	873
970	PR8_PB2	WyNA_Udsub	225	325	PR8_NS	WyNA_Udsub	125	225	291	182
971	PR8_PB2	WyNA_Udsub	200	275	PR8_NS	WyNA_Udsub	300	375	245	341
972	PR8_PB2	WyNA_Udsub	375	450	PR8_NS	WyNA_Udsub	300	375	408	336
973	PR8_PB2	WyNA_Udsub	725	800	PR8_NS	WyNA_Udsub	50	125	767	88
974	PR8_PB2	WyNA_Udsub	725	800	PR8_NS	WyNA_Udsub	150	225	762	183
975	PR8_PB2	WyNA_Udsub	700	775	PR8_NS	WyNA_Udsub	250	350	755	304
976	PR8_PB2	WyNA_Udsub	725	800	PR8_NS	WyNA_Udsub	475	575	771	521
977	PR8_PB2	WyNA_Udsub	875	975	PR8_NS	WyNA_Udsub	475	575	942	538
978	PR8_PB2	WyNA_Udsub	700	825	PR8_NS	WyNA_Udsub	750	850	766	794
979	PR8_PB2	WyNA_Udsub	925	1025	PR8_NS	WyNA_Udsub	725	825	968	804
980	PR8_PB2	WyNA_Udsub	1175	1275	PR8_NS	WyNA_Udsub	225	325	1237	271
981	PR8_PB2	WyNA_Udsub	1150	1250	PR8_NS	WyNA_Udsub	625	725	1189	664
982	PR8_PB2	WyNA_Udsub	1475	1550	PR8_NS	WyNA_Udsub	150	225	1501	202
983	PR8_PB2	WyNA_Udsub	1450	1525	PR8_NS	WyNA_Udsub	400	500	1497	455
984	PR8_PB2	WyNA_Udsub	1850	1950	PR8_NS	WyNA_Udsub	175	250	1900	222
985	PR8_PB2	WyNA_Udsub	2150	2250	PR8_NS	WyNA_Udsub	475	550	2191	523
986	PR8_PB2	WyNA_Udsub	1850	1925	PR8_NS	WyNA_Udsub	667	737	1884	702
987	PR8_PB2	WyNA_Udsub	1875	1950	PR8_NS	WyNA_Udsub	775	850	1910	818
988	PR8_PB2	WyNA_Udsub	725	850	PR8_PA	WyNA_Udsub	75	175	810	135
989	PR8_PB2	WyNA_Udsub	700	775	PR8_PA	WyNA_Udsub	275	350	726	315
990	PR8_PB2	WyNA_Udsub	475	550	PR8_PA	WyNA_Udsub	775	875	524	824
991	PR8_PB2	WyNA_Udsub	700	825	PR8_PA	WyNA_Udsub	775	900	767	849
992	PR8_PB2	WyNA_Udsub	900	975	PR8_PA	WyNA_Udsub	775	875	950	843
993	PR8_PB2	WyNA_Udsub	700	800	PR8_PA	WyNA_Udsub	1350	1450	763	1412
994	PR8_PB2	WyNA_Udsub	100	175	PR8_PA	WyNA_Udsub	2100	2200	154	2145
995	PR8_PB2	WyNA_Udsub	675	800	PR8_PA	WyNA_Udsub	1950	2075	766	2025
996	PR8_PB2	WyNA_Udsub	700	800	PR8_PA	WyNA_Udsub	2100	2200	755	2154
997	PR8_PB2	WyNA_Udsub	950	1025	PR8_PA	WyNA_Udsub	1950	2025	1000	1986
998	PR8_PB2	WyNA_Udsub	1050	1150	PR8_PA	WyNA_Udsub	75	175	1098	144
999	PR8_PB2	WyNA_Udsub	1150	1200	PR8_PA	WyNA_Udsub	75	175	1184	144
1000	PR8_PB2	WyNA_Udsub	1212	1275	PR8_PA	WyNA_Udsub	50	150	1246	103
1001	PR8_PB2	WyNA_Udsub	1350	1425	PR8_PA	WyNA_Udsub	50	125	1389	102
1002	PR8_PB2	WyNA_Udsub	1175	1275	PR8_PA	WyNA_Udsub	450	550	1230	493
1003	PR8_PB2	WyNA_Udsub	1175	1300	PR8_PA	WyNA_Udsub	775	875	1237	825
1004	PR8_PB2	WyNA_Udsub	1100	1175	PR8_PA	WyNA_Udsub	1550	1650	1145	1594
1005	PR8_PB2	WyNA_Udsub	1125	1225	PR8_PA	WyNA_Udsub	1950	2050	1178	2008
1006	PR8_PB2	WyNA_Udsub	1325	1425	PR8_PA	WyNA_Udsub	2100	2200	1384	2150
1007	PR8_PB2	WyNA_Udsub	1975	2050	PR8_PA	WyNA_Udsub	150	250	2019	208
1008	PR8_PB2	WyNA_Udsub	1825	1925	PR8_PA	WyNA_Udsub	700	825	1891	754
1009	PR8_PB2	WyNA_Udsub	2175	2250	PR8_PA	WyNA_Udsub	650	725	2212	683
1010	PR8_PB2	WyNA_Udsub	2175	2275	PR8_PA	WyNA_Udsub	775	850	2224	820
1011	PR8_PB2	WyNA_Udsub	275	350	Wy_PB1	WyNA_Udsub	100	175	313	150
1012	PR8_PB2	WyNA_Udsub	425	500	Wy_PB1	WyNA_Udsub	550	625	481	609
1013	PR8_PB2	WyNA_Udsub	100	175	Wy_PB1	WyNA_Udsub	750	825	130	785
1014	PR8_PB2	WyNA_Udsub	425	475	Wy_PB1	WyNA_Udsub	1325	1400	458	1358
1015	PR8_PB2	WyNA_Udsub	175	250	Wy_PB1	WyNA_Udsub	1812	1887	212	1853
1016	PR8_PB2	WyNA_Udsub	175	250	Wy_PB1	WyNA_Udsub	1887	1950	212	1912
1017	PR8_PB2	WyNA_Udsub	275	350	Wy_PB1	WyNA_Udsub	2025	2100	312	2053
1018	PR8_PB2	WyNA_Udsub	700	825	Wy_PB1	WyNA_Udsub	25	125	764	90
1019	PR8_PB2	WyNA_Udsub	675	775	Wy_PB1	WyNA_Udsub	125	200	722	152
1020	PR8_PB2	WyNA_Udsub	700	800	Wy_PB1	WyNA_Udsub	287	367	755	332
1021	PR8_PB2	WyNA_Udsub	750	850	Wy_PB1	WyNA_Udsub	412	525	804	462
1022	PR8_PB2	WyNA_Udsub	650	750	Wy_PB1	WyNA_Udsub	875	967	707	924
1023	PR8_PB2	WyNA_Udsub	750	850	Wy_PB1	WyNA_Udsub	1100	1175	793	1152
1024	PR8_PB2	WyNA_Udsub	725	825	Wy_PB1	WyNA_Udsub	1475	1575	800	1513
1025	PR8_PB2	WyNA_Udsub	725	800	Wy_PB1	WyNA_Udsub	1800	1875	767	1843
1026	PR8_PB2	WyNA_Udsub	675	775	Wy_PB1	WyNA_Udsub	2000	2075	705	2043
1027	PR8_PB2	WyNA_Udsub	675	775	Wy_PB1	WyNA_Udsub	2225	2300	747	2265
1028	PR8_PB2	WyNA_Udsub	1000	1100	Wy_PB1	WyNA_Udsub	50	125	1062	90
1029	PR8_PB2	WyNA_Udsub	1200	1275	Wy_PB1	WyNA_Udsub	100	200	1237	146
1030	PR8_PB2	WyNA_Udsub	1375	1450	Wy_PB1	WyNA_Udsub	175	250	1406	227
1031	PR8_PB2	WyNA_Udsub	1450	1525	Wy_PB1	WyNA_Udsub	50	125	1506	93
1032	PR8_PB2	WyNA_Udsub	950	1050	Wy_PB1	WyNA_Udsub	1325	1425	1007	1380
1033	PR8_PB2	WyNA_Udsub	1200	1300	Wy_PB1	WyNA_Udsub	1300	1400	1256	1356
1034	PR8_PB2	WyNA_Udsub	1387	1475	Wy_PB1	WyNA_Udsub	1237	1325	1433	1305
1035	PR8_PB2	WyNA_Udsub	1350	1400	Wy_PB1	WyNA_Udsub	1325	1375	1383	1352
1036	PR8_PB2	WyNA_Udsub	1067	1150	Wy_PB1	WyNA_Udsub	1800	1875	1111	1841
1037	PR8_PB2	WyNA_Udsub	1700	1775	Wy_PB1	WyNA_Udsub	1200	1275	1736	1239
1038	PR8_PB2	WyNA_Udsub	2000	2075	Wy_PB1	WyNA_Udsub	50	125	2044	91
1039	PR8_PB2	WyNA_Udsub	2075	2150	Wy_PB1	WyNA_Udsub	275	350	2104	319
1040	PR8_PB2	WyNA_Udsub	2175	2250	Wy_PB1	WyNA_Udsub	425	500	2222	457
1041	PR8_PB2	WyNA_Udsub	2100	2200	Wy_PB1	WyNA_Udsub	1925	2000	2147	1966
